<?xml version="1.0" encoding="UTF-8" ?>
<!DOCTYPE configuration
  PUBLIC "-//mybatis.org//DTD Config 3.0//EN"
  "http://mybatis.org/dtd/mybatis-3-config.dtd">
<configuration>
   <!-- 指定数据库文件所在位置 -->
   <properties resource="db.properties"></properties>
    <!-- 类型别名 -->
    <typeAliases>
        <package name="org.fkjava.hrm.bean"/>
    </typeAliases>
  <!-- 配置环境 -->
  <environments default="hrm">
  
   
    
  
  
    <environment id="hrm">
      <!-- 采用JDBC事务 -->
      <transactionManager type="JDBC"/>
      <!-- 连接池 -->
      <dataSource type="POOLED">
      <!-- 数据库驱动 -->
        <property name="driver" value="${driver}"/>
        <!-- 连接地址 -->
        <property name="url" value="${url}"/>
        <!-- 用户名 -->
        <property name="username" value="${username}"/>
        <!-- 密码 -->
        <property name="password" value="${password}"/>
      </dataSource>
    </environment>
    
  </environments>
  
  <!-- 声明数据库访问接口文件所在位置 -->
  <mappers>
    <package name="org.fkjava.hrm.mapper"/>
  </mappers>
 
</configuration>