<?xml version="1.0" encoding="UTF-8" ?>
<!DOCTYPE mapper
	PUBLIC "-//mybatis.org//DTD Mapper 3.0//EN"
	"http://mybatis.org/dtd/mybatis-3-mapper.dtd">

<mapper namespace="org.fkjava.hrm.mapper.DocumentMapper">
   
     <!-- 获取公告总数量 -->
     <select id="findTotalDocument" resultType="int">
        SELECT COUNT(*) FROM hrm_document
        <include refid="commonSql"/> 
     </select>
     
     
     <!-- 公告分页查询 -->
     <select id="findDocumentByPage" resultMap="DocumentMapper">
         select * from hrm_document
          <include refid="commonSql"/>
         limit #{page.startNum} , #{page.pageSize}
     </select>
     
      <!-- 提取公告sql语句 -->
     <sql id="commonSql">
          <where>
            <if test="document !=null and document.title !=null and document.title != '' ">
                title LIKE concat("%",#{document.title},"%")
            </if>
        </where>
     </sql>
     
      <!-- 字段映射 -->
     <resultMap type="Document" id="DocumentMapper">
        <result column="create_Date" property="createDate"/>
        <association property="user" column="user_id" select="org.fkjava.hrm.mapper.UserMapper.get"></association>
     </resultMap>
     
     <!-- 添加文档 -->
     
     <insert id="save">
        insert into hrm_document(title,url,remark,create_date,user_id) values(#{title},#{url},#{remark},#{createDate},#{user.id});
     </insert>
     
     <!-- 更新文档 -->
     <update id="update">
         update hrm_document set title = #{title},remark = #{remark},url=#{url} where id = #{id}
         
     
     </update>
</mapper> 