<?xml version="1.0" encoding="UTF-8" ?>
<!DOCTYPE mapper
	PUBLIC "-//mybatis.org//DTD Mapper 3.0//EN"
	"http://mybatis.org/dtd/mybatis-3-mapper.dtd">

<mapper namespace="org.fkjava.hrm.mapper.EmployeeMapper">



     <!-- 获取员工总数量 -->
     <select id="findTotalEmployee" resultType="int">
        SELECT COUNT(*) FROM hrm_employee
        <include refid="commonSql"/> 
     </select>
     
     
     <!-- 员工分页查询 -->
     <select id="findEmployeeByPage" resultMap="EmployeeMapper">
         select * from hrm_employee
          <include refid="commonSql"/>
         limit #{page.startNum} , #{page.pageSize}
        
     </select>
     
     <sql id="commonSql">
            <where>
                <if test="employee !=null and employee.jobId > 0">
                    and job_id = #{employee.jobId}
                </if>
                
                <if test="employee !=null and employee.name !=null and employee.name != '' ">
                     and name like concat("%",#{employee.name},"%") 
                </if>
                
                <if test="employee !=null and employee.cardId !=null and employee.cardId != '' ">
                    and  card_id like concat("%",#{employee.cardId},"%") 
                </if>
            
               <if test="employee !=null and employee.sex > 0 ">
                    and sex = #{employee.sex}
                </if>
                
                <if test="employee !=null and employee.phone !=null and employee.phone != '' ">
                    and  phone like concat("%",#{employee.phone},"%") 
                </if>
                
                 <if test="employee !=null and employee.deptId > 0">
                    and  dept_id = #{employee.deptId}
                </if>
            
            </where>
     </sql>
     
     <resultMap type="Employee" id="EmployeeMapper">
        <result column="card_id" property="cardId"/>
        <result column="create_date" property="createDate"/>
        <association property="job" column="job_id" select="org.fkjava.hrm.mapper.JobMapper.get"></association>
        <association property="dept" column="dept_id" select="org.fkjava.hrm.mapper.DeptMapper.get"></association>
     </resultMap>
     
     <!-- 获取导出员工信息的相关数据 -->
     <select id="findEmployeeByParams" resultType="Employee_demo">
        
        SELECT e.id,e.name,e.sex,e.phone,e.email,j.name AS job,e.education,e.card_id AS cardId,d.name AS dept ,e.address,e.create_date AS createDate
         FROM hrm_employee AS e,hrm_job AS j,hrm_dept AS d  where   e.dept_id = d.id AND e.job_id = j.id
          
                <if test="employee !=null and employee.jobId &gt; 0">
                    and e.job_id = #{employee.jobId}
                </if>
                
                <if test="employee !=null and employee.name !=null and employee.name != '' ">
                     and e.name like concat("%",#{employee.name},"%") 
                </if>
                
                <if test="employee !=null and employee.cardId !=null and employee.cardId != '' ">
                    and  e.card_id like concat("%",#{employee.cardId},"%") 
                </if>
            
               <if test="employee !=null and employee.sex &gt; 0 ">
                    and e.sex = #{employee.sex}
                </if>
                
                <if test="employee !=null and employee.phone !=null and employee.phone != '' ">
                    and  e.phone like concat("%",#{employee.phone},"%") 
                </if>
                
                 <if test="employee !=null and employee.deptId &gt; 0">
                    and  e.dept_id = #{employee.deptId}
                </if>
           
     </select>
     
     <insert id="save">
     
       insert into hrm_employee (DEPT_ID, JOB_ID, NAME, CARD_ID,
					 ADDRESS, POST_CODE, TEL, PHONE, QQ_NUM, EMAIL, 
					 SEX, PARTY, BIRTHDAY, RACE, EDUCATION, SPECIALITY, 
					 PICTURE, HOBBY, REMARK, CREATE_DATE) 
			   values(#{deptId},#{jobId},#{name},#{cardId},
			          #{address},#{postCode},#{tel},#{phone},#{qqNum},
			          #{email},#{sex},#{party},#{birthday},#{race},#{education},
			          #{speciality},#{picture},#{hobby},#{remark},#{createDate})
     </insert>
     
</mapper>