<?xml version="1.0" encoding="UTF-8" ?>
<!DOCTYPE mapper
	PUBLIC "-//mybatis.org//DTD Mapper 3.0//EN"
	"http://mybatis.org/dtd/mybatis-3-mapper.dtd">

<mapper namespace="org.fkjava.hrm.mapper.NoticeMapper">

     <!-- 获取公告总数量 -->
     <select id="findTotalNotice" resultType="int">
        SELECT COUNT(*) FROM hrm_notice 
        <include refid="commonSql"/> 
     </select>
     
     
     <!-- 公告分页查询 -->
     <select id="findNoticeByPage" resultMap="NoticeMapper">
         select * from hrm_notice
          <include refid="commonSql"/>
         limit #{page.startNum} , #{page.pageSize}
     </select>
     
     <!-- 提取公告sql语句 -->
     <sql id="commonSql">
          <where>
            <if test="notice !=null and notice.title !=null and notice.title != '' ">
                title LIKE concat("%",#{notice.title},"%")
            </if>
        </where>
     </sql>
     
     <!-- 字段映射 -->
     <resultMap type="Notice" id="NoticeMapper">
        <result column="create_Date" property="createDate"/>
        <association property="user" column="user_id" select="org.fkjava.hrm.mapper.UserMapper.get"></association>
     
     </resultMap>
     
     <!-- 删除公告 -->
     <delete id="deleteNoticesByIds">
        delete from hrm_notice where id in  
       <foreach item="id"  collection="ids"
          open="(" separator="," close=")">
           #{id}
       </foreach>
     
     </delete>
     
     <!-- 添加公告 -->
     <insert id="saveNotice">
     
         insert into hrm_notice(title,content,create_date,user_id) values(#{title},#{content},#{createDate},#{user.id})
     </insert>
     
     <!-- 更新公告 -->
     <update id="updateNotice">
     
       update hrm_notice set title = #{title},content = #{content} where id = #{id}
     </update>
</mapper>