<?xml version="1.0" encoding="UTF-8" ?>
<!DOCTYPE struts PUBLIC
	"-//Apache Software Foundation//DTD Struts Configuration 2.3//EN"
	"http://struts.apache.org/dtds/struts-2.3.dtd">

<struts>
	
    <package name="document" namespace="/document" extends="hrm">
    
        <!-- 文档分页查询 -->
        <action name="selectDocument" class="org.fkjava.hrm.action.document.DocumentAction" method="selectDocumentByPage">
            <result>/WEB-INF/jsp/document/document.jsp</result>
        </action>
        
        <!-- 删除文档 -->
        <action name="deleteDocument"  class="org.fkjava.hrm.action.document.DocumentAction" method="deleteDocument">
          <result type="chain">selectDocument</result>
        
        </action>
        
        <!-- 展示添加文档页面 -->
        <action name="showAddDocument">
             <result>/WEB-INF/jsp/document/addDocument.jsp</result>
        </action>    
        
        <!-- 上传文档 -->
        <action name="addDocument"  class="org.fkjava.hrm.action.document.DocumentAction" method="addDocument">
             <!-- 引入文件上传拦截器   doc、txt 、ppt、xls-->
             <interceptor-ref name="fileUpload">
                <param name="allowedExtensions">.txt,.ppt,.pptx,.xls,.xlsx,.doc,.docx</param>
             </interceptor-ref>
             <!-- 防表单重复提交拦截器 -->
             <interceptor-ref name="token"></interceptor-ref>
             <interceptor-ref name="loginStack"></interceptor-ref>
             
             <result>/WEB-INF/jsp/document/addDocument.jsp</result>
             <result name="invalid.token">/WEB-INF/jsp/document/addDocument.jsp</result>
             <result name="input">/WEB-INF/jsp/document/addDocument.jsp</result>
        </action>  
        
        
        <!-- 展示修改文档页面 -->
        <action name="showUpdateDocument" class="org.fkjava.hrm.action.document.DocumentAction" method="showUpdateDocument">
             <result>/WEB-INF/jsp/document/updateDocument.jsp</result>
        </action>   
        
        
        <!-- 修改文档-->
        <action name="updateDocument"  class="org.fkjava.hrm.action.document.DocumentAction" method="updateDocument">
             <!-- 引入文件上传拦截器   doc、txt 、ppt、xls-->
             <interceptor-ref name="fileUpload">
                <param name="allowedExtensions">.txt,.ppt,.pptx,.xls,.xlsx,.doc,.docx</param>
             </interceptor-ref>
             <!-- 防表单重复提交拦截器 -->
             <interceptor-ref name="token"></interceptor-ref>
             <interceptor-ref name="loginStack"></interceptor-ref>
             
             <result>/WEB-INF/jsp/document/updateDocument.jsp</result>
             <result name="invalid.token">/WEB-INF/jsp/document/updateDocument.jsp</result>
             <result name="input">/WEB-INF/jsp/document/updateDocument.jsp</result>
        </action>   
    </package>
    
    

    
    
</struts>
