<?xml version="1.0" encoding="utf-8"?>
<beans xmlns="http://www.springframework.org/schema/beans"
  xmlns:xsi="http://www.w3.org/2001/XMLSchema-instance"
  xmlns:p="http://www.springframework.org/schema/p"
  xmlns:c="http://www.springframework.org/schema/c"
  xmlns:tx="http://www.springframework.org/schema/tx"
  xmlns:aop="http://www.springframework.org/schema/aop"
  xmlns:context="http://www.springframework.org/schema/context"
  xmlns:util="http://www.springframework.org/schema/util"
  xsi:schemaLocation="http://www.springframework.org/schema/beans
      				  http://www.springframework.org/schema/beans/spring-beans-4.0.xsd
      				  http://www.springframework.org/schema/tx
      				  http://www.springframework.org/schema/tx/spring-tx-4.0.xsd
      				  http://www.springframework.org/schema/aop
      				  http://www.springframework.org/schema/aop/spring-aop-4.0.xsd
      				  http://www.springframework.org/schema/context
      				  http://www.springframework.org/schema/context/spring-context-4.0.xsd
      				  http://www.springframework.org/schema/util
      				  http://www.springframework.org/schema/util/spring-util-4.0.xsd">
    
   	 <!-- 加载连接数据库的属性文件 -->
     <context:property-placeholder location="classpath:c3p0.properties"/>	
     
<!--            这里默认就会到所有的org.fkjava.oa中进行注解搜索告诉Spring我们用了注解来声明bean。  -->
<!--            如果不指定将不会进行依赖注入！！ -->
     <context:component-scan base-package="org.fkjava.oa"></context:component-scan>

     
     <!-- 配置数据源 -->
     <bean id="dataSource" class="com.mchange.v2.c3p0.ComboPooledDataSource" destroy-method="close"
     	   p:driverClass="${c3p0.driverClass}"
     	   p:jdbcUrl="${c3p0.jdbcUrl}"
     	   p:user="${c3p0.user}"
     	   p:password="${c3p0.password}"
     	   p:maxPoolSize="${c3p0.maxPoolSize}"
     	   p:minPoolSize="${c3p0.minPoolSize}"
     	   p:initialPoolSize="${c3p0.initialPoolSize}"
     	   p:maxIdleTime="${c3p0.maxIdleTime}"/>
     	   
    <!-- 配置SessionFactory-->
    <bean id="sessionFactory" class="org.springframework.orm.hibernate4.LocalSessionFactoryBean"
          p:dataSource-ref="dataSource"
          p:configLocation="classpath:hibernate.cfg.xml"/>
          
    <!-- 配置TransactionManager -->    
    <bean id="transactionManager" class="org.springframework.orm.hibernate4.HibernateTransactionManager"
          p:sessionFactory-ref="sessionFactory"/>
      
      
       <!-- 开启注解事务 -->
    <tx:annotation-driven transaction-manager="transactionManager"/>
        
    <!-- 声明式事务配置 -->
  <!--   <tx:advice id="txAdvice" transaction-manager="transactionManager">
    	定义事务属性
    	<tx:attributes>
    		set方法开头的只能做查询
    		<tx:method name="set*" read-only="true"/>
    		get方法开头的只能做查询
    		<tx:method name="get*" read-only="true"/>
    		剩余的方法CUD都可以做
    		<tx:method name="*" read-only="false"/>
    	</tx:attributes>
    </tx:advice> -->
    
    <!-- 配置事务切面 -->
    <!-- <aop:config>
    	配置事务的切入点
    	<aop:pointcut expression="execution(* org.fkjava.oa.*.service.*.*(..))" id="pointcut"/>
    	 把上面的声明式事务配置 运用到  指定的切入点
    	<aop:advisor advice-ref="txAdvice" pointcut-ref="pointcut"/>
    </aop:config> -->
   
    
</beans>
