<?xml version="1.0" encoding="UTF-8" ?>
<!DOCTYPE struts PUBLIC
	"-//Apache Software Foundation//DTD Struts Configuration 2.3//EN"
	"http://struts.apache.org/dtds/struts-2.3.dtd">

<struts>
	<!-- 配置Struts2常量 -->
	<!-- 是否支持动态方法调用 -->
    <constant name="struts.enable.DynamicMethodInvocation" value="true"/>
    <!-- 开启开发者模式 -->
    <constant name="struts.devMode" value="true" />
    <!-- 指定请求的后缀名  -->
    <constant name="struts.action.extension" value="action"/>

    <package name="hrm" namespace="/" extends="struts-default">
    
    
         <!-- 自定义拦截器 -->
         <interceptors>
            <!-- 声明登录拦截器 -->
            <interceptor name="loginInterceptor" class="org.fkjava.hrm.filter.LoginFilter"></interceptor>
            <!-- 声明字符编码拦截器 -->
            <interceptor name="charsetInterceptor" class="org.fkjava.hrm.filter.CharserFilter"></interceptor>
            
            <!-- 定义拦截器栈 -->
            <interceptor-stack name="hrmInterceptorStack">
                 <interceptor-ref name="loginInterceptor"></interceptor-ref>
                 <interceptor-ref name="charsetInterceptor"></interceptor-ref>
                 <interceptor-ref name="defaultStack"></interceptor-ref>
            </interceptor-stack>
         </interceptors>
         
         
         <!-- 设置项目默认拦截器栈 -->
         <default-interceptor-ref name="hrmInterceptorStack"></default-interceptor-ref>
         
         
         
         
    
         <!-- 配置全局result -->
         <global-results>
            <result name="login">/WEB-INF/jsp/login.jsp</result>
         </global-results>
        
         
         <!-- 以通配符的方式配置项目访问页面   mian.action   == > /WEB-INF/jsp/main.jsp-->
         <action name="*">
            
            <result>/WEB-INF/jsp/{1}.jsp</result>
         
         </action>
         
         <!-- 生成验证码 -->
         <action name="verifyCode" class="org.fkjava.hrm.util.VerifyServlet">
               <interceptor-ref name="defaultStack"></interceptor-ref>
         
         </action>
        
    </package>
</struts>
