<?xml version="1.0" encoding="UTF-8"?>
<!DOCTYPE generatorConfiguration
  PUBLIC "-//mybatis.org//DTD MyBatis Generator Configuration 1.0//EN"
  "http://mybatis.org/dtd/mybatis-generator-config_1_0.dtd">

<generatorConfiguration>
	<properties resource="mybatis-generator-config.properties" />
	<!-- <classPathEntry location="/Program Files/IBM/SQLLIB/java/db2java.zip" 
		/> -->

	<context id="MySQLTables" targetRuntime="MyBatis3">

		<plugin type="org.fkjava.j1303.ec.entity.generator.ModelRenamingPlugin">
		</plugin>

		<jdbcConnection driverClass="${jdbc.driver}"
			connectionURL="${jdbc.url}" userId="${jdbc.user}" password="${jdbc.password}">
		</jdbcConnection>

		<javaTypeResolver>
			<property name="forceBigDecimals" value="false" />
		</javaTypeResolver>

		<javaModelGenerator targetPackage="${generator.javaModel.targetPackage}"
			targetProject="${generator.javaModel.targetProject}">
			<property name="enableSubPackages" value="true" />
			<property name="trimStrings" value="true" />
		</javaModelGenerator>

		<sqlMapGenerator targetPackage="${generator.sqlMap.targetPackage}"
			targetProject="${generator.sqlMap.targetProject}">
			<property name="enableSubPackages" value="true" />
		</sqlMapGenerator>

		<javaClientGenerator targetPackage="${generator.client.targetPackage}"
			targetProject="${generator.client.targetProject}" 
			type="XMLMAPPER">
			<property name="enableSubPackages" value="true" />
		</javaClientGenerator>

		<table schema="${generator.schema}" tableName="%">
		</table>

	</context>
</generatorConfiguration>