[{"id" : "0001", "pid" : "0", "name": "手机"},
{"id" : "00010001", "pid" : "0001", "name": "苹果"},
{"id" : "00010001", "pid" : "0001", "name": "三星"},
{"id" : "0002", "pid" : "0", "name": "对讲机"},
{"id" : "00020001", "pid" : "0002", "name": "手台"},
{"id" : "00020002", "pid" : "0002", "name": "车台"},
{"id" : "0003", "pid" : "0", "name": "数码相机"},
{"id" : "00030001", "pid" : "0003", "name": "自拍相机"},
{"id" : "00030002", "pid" : "0003", "name": "专业相机"}]
