<?xml version="1.0" encoding="UTF-8" ?>
<!DOCTYPE struts PUBLIC
	"-//Apache Software Foundation//DTD Struts Configuration 2.3//EN"
	"http://struts.apache.org/dtds/struts-2.3.dtd">

<struts>
	
    <package name="document" namespace="/document" extends="hrm">
    
        <!-- 文档分页查询 -->
        <action name="selectDocument" class="org.fkjava.hrm.action.document.DocumentAction" method="selectDocumentByPage">
            <result>/WEB-INF/jsp/document/document.jsp</result>
        </action>
        
        <!-- 删除文档 -->
        <action name="deleteDocument"  class="org.fkjava.hrm.action.document.DocumentAction" method="deleteDocument">
          <result type="chain">selectDocument</result>
        
        </action>
        
        <!-- 展示添加文档页面 -->
        <action name="showAddDocument">
             <result>/WEB-INF/jsp/document/addDocument.jsp</result>
        </action>       
    </package>
    
    
</struts>
