<?xml version="1.0" encoding="utf-8"?>
<beans xmlns="http://www.springframework.org/schema/beans"
  xmlns:xsi="http://www.w3.org/2001/XMLSchema-instance"
  xmlns:p="http://www.springframework.org/schema/p"
  xmlns:c="http://www.springframework.org/schema/c"
  xmlns:tx="http://www.springframework.org/schema/tx"
  xmlns:aop="http://www.springframework.org/schema/aop"
  xmlns:context="http://www.springframework.org/schema/context"
  xmlns:util="http://www.springframework.org/schema/util"
  xmlns:mvc="http://www.springframework.org/schema/mvc"
  xsi:schemaLocation="http://www.springframework.org/schema/beans
      				  http://www.springframework.org/schema/beans/spring-beans-4.0.xsd
      				  http://www.springframework.org/schema/tx
      				  http://www.springframework.org/schema/tx/spring-tx-4.0.xsd
      				  http://www.springframework.org/schema/aop
      				  http://www.springframework.org/schema/aop/spring-aop-4.0.xsd
      				  http://www.springframework.org/schema/context
      				  http://www.springframework.org/schema/context/spring-context-4.0.xsd
      				  http://www.springframework.org/schema/util
      				  http://www.springframework.org/schema/util/spring-util-4.0.xsd
      				  http://www.springframework.org/schema/mvc
      				  http://www.springframework.org/schema/mvc/spring-mvc-4.0.xsd">
    
    
   
    <!-- 配置jsp视图解析器  
       /WEB-INF/success.jsp      
     -->  
   <bean id="viewResolver" class="org.springframework.web.servlet.view.UrlBasedViewResolver">
	    <property name="viewClass" value="org.springframework.web.servlet.view.JstlView"/>
	    <property name="prefix" value="/WEB-INF/jsp/"/>
	    <property name="suffix" value=".jsp"/>
	</bean>
	
	<!-- 防止中文乱码 -->
	 <bean class="org.springframework.web.servlet.mvc.method.annotation.RequestMappingHandlerAdapter">  
        <property name="messageConverters">  
            <list>  
                <bean class="org.springframework.http.converter.StringHttpMessageConverter">  
                    <property name="supportedMediaTypes">  
                        <list>  
                            <value>text/html;charset=UTF-8</value>  
                        </list>  
                    </property>  
                </bean>  
            </list>  
        </property>  
    </bean> 
  
 
  	 
	 <!-- 支持注解 -->
 	 <mvc:annotation-driven />
 	
	 <!-- 配置视图与控制器 -->
	<mvc:view-controller path="main.jspx"/>
	<mvc:view-controller path="head.jspx"/>
	<mvc:view-controller path="left.jspx"/>
	<mvc:view-controller path="tab.jspx"/>
	<mvc:view-controller path="button.jspx"/> 
	<mvc:view-controller path="login.jspx"/>
</beans>


