<?xml version="1.0" encoding="UTF-8" ?>
<!DOCTYPE configuration
  PUBLIC "-//mybatis.org//DTD Config 3.0//EN"
  "http://mybatis.org/dtd/mybatis-3-config.dtd">
<configuration>
  
  <!-- 加载数据库属性文件 -->
  <properties resource="db.properties"></properties>
  
  <!-- 配置类型别名 -->
  <typeAliases>
     <package name="org.fkjava.hrm.bean"/>
  </typeAliases>
  
  
  <environments default="hrm">
    
    <environment id="hrm">
      <transactionManager type="JDBC"/>
      <dataSource type="POOLED">
        <property name="driver" value="${driver}"/>
        <property name="url" value="${url}"/>
        <property name="username" value="${username}"/>
        <property name="password" value="${password}"/>
      </dataSource>
    </environment>
    
  </environments>
  
  <mappers>
      <package name="org.fkjava.hrm.mapper"/>
  </mappers> 
</configuration>