<?xml version="1.0" encoding="UTF-8" ?>
<!DOCTYPE struts PUBLIC
	"-//Apache Software Foundation//DTD Struts Configuration 2.3//EN"
	"http://struts.apache.org/dtds/struts-2.3.dtd">

<struts>
	<!-- 配置Struts2常量 -->
	<!-- 是否支持动态方法调用 -->
    <constant name="struts.enable.DynamicMethodInvocation" value="true"/>
    <!-- 开启开发者模式 -->
    <constant name="struts.devMode" value="true" />
    <!-- 指定请求的后缀名  -->
    <constant name="struts.action.extension" value="action"/>
    
    <!-- 配置热启动     不需要重新发布项目-->
    <constant name="struts.configuration.xml.reload" value="true"></constant>
    
    <!-- 配置国际化提示信息 -->
    <constant name="struts.custom.i18n.resources" value="hrm_message"></constant>
    
    <!-- 配置文件上传大小 -->
    <constant name="struts.multipart.maxSize" value="10097152"></constant>

    <package name="hrm" namespace="/" extends="struts-default">
    
    
         <!-- 自定义拦截器 -->
         <interceptors>
            <!-- 声明登录拦截器 -->
            <interceptor name="loginInterceptor" class="org.fkjava.hrm.filter.LoginFilter"></interceptor>
            <!-- 声明字符编码拦截器 -->
            <interceptor name="charsetInterceptor" class="org.fkjava.hrm.filter.CharserFilter"></interceptor>
            
            <!-- 定义拦截器栈 -->
            <interceptor-stack name="hrmInterceptorStack">
                 <interceptor-ref name="loginInterceptor"></interceptor-ref>
                 <interceptor-ref name="charsetInterceptor"></interceptor-ref>
                 <interceptor-ref name="defaultStack"></interceptor-ref>
            </interceptor-stack>
         </interceptors>
         
         
         <!-- 设置项目默认拦截器栈 -->
         <default-interceptor-ref name="hrmInterceptorStack"></default-interceptor-ref>
         
         
         
         
    
         <!-- 配置全局result -->
         <global-results>
            <result name="login">/WEB-INF/jsp/login.jsp</result>
         </global-results>
        
         
         
         <!-- 生成验证码 -->
         <action name="verifyCode" class="org.fkjava.hrm.util.VerifyServlet">
               <interceptor-ref name="defaultStack"></interceptor-ref>
         
         </action>
         
           <!-- 以通配符的方式配置项目访问页面   mian.action   == > /WEB-INF/jsp/main.jsp-->
          <action name="*">
            <result>/WEB-INF/jsp/{1}.jsp</result>
         </action>
         
     
          
    </package>
    <!-- 引入项目不同模块的struts2配置文件 -->
    <include file="org/fkjava/hrm/action/dept/struts-dept.xml"></include>
    <include file="org/fkjava/hrm/action/document/struts-document.xml"></include>
    <include file="org/fkjava/hrm/action/employee/struts-employee.xml"></include>
    <include file="org/fkjava/hrm/action/job/struts-job.xml"></include>
    <include file="org/fkjava/hrm/action/notice/struts-notice.xml"></include>
    <include file="org/fkjava/hrm/action/user/struts-user.xml"></include>
    <include file="org/fkjava/hrm/action/article/struts-article.xml"></include>
</struts>
