<!DOCTYPE hibernate-configuration PUBLIC
	"-//Hibernate/Hibernate Configuration DTD 3.0//EN"
	"http://www.hibernate.org/dtd/hibernate-configuration-3.0.dtd">

<hibernate-configuration>
	<session-factory>
	    <!-- 配置数据库方言 -->
	    <property name="hibernate.dialect">org.hibernate.dialect.MySQL5InnoDBDialect</property>
	    <!-- 是否在后台展示sql语句-->
	    <property name="hibernate.show_sql">true</property>
	     <!-- 格式化sql语句-->
	    <property name="hibernate.format_sql">true</property>
	    
	    <!-- 通过hibernate自动建表 -->
	    <property name="hibernate.hbm2ddl.auto">update</property>
	    
	    <!-- 开启二级缓存 -->
	    <property name="hibernate.cache.use_second_level_cache">true</property>
	    
	    <!-- 设置二级缓存的实现 -->
		<property name="hibernate.cache.region.factory_class">org.hibernate.cache.ehcache.EhCacheRegionFactory</property>
	    
	    <!-- 配置session上下文 -->
	    <property name="hibernate.current_session_context_class">org.springframework.orm.hibernate4.SpringSessionContext</property>
	    
	    
	    
	    
	    <!-- 声明持久化类 -->
	    <mapping class="org.fkjava.oa.identity.bean.Dept"/>
	    <mapping class="org.fkjava.oa.identity.bean.Job"/>
	    <mapping class="org.fkjava.oa.identity.bean.Module"/>
	    <mapping class="org.fkjava.oa.identity.bean.Popedom"/>
	    <mapping class="org.fkjava.oa.identity.bean.Role"/>
	    <mapping class="org.fkjava.oa.identity.bean.User"/>
	    
	    <mapping class="org.fkjava.oa.leave.bean.LeaveAudit"/>
	    <mapping class="org.fkjava.oa.leave.bean.LeaveItem"/>
	    <mapping class="org.fkjava.oa.leave.bean.LeaveType"/>
	    
	    
	     
		
	</session-factory>
</hibernate-configuration>