<?xml version="1.0" encoding="UTF-8" ?>
<!DOCTYPE mapper
	PUBLIC "-//mybatis.org//DTD Mapper 3.0//EN"
	"http://mybatis.org/dtd/mybatis-3-mapper.dtd">

<mapper namespace="org.fkjava.hrm.mapper.NoticeMapper">

     <!-- 获取公告总记录 -->
     <select id="findTotalNum" resultType="int">
         select count(*) from hrm_notice 
         <!-- 引入公共的sql语句 -->
        <include refid="commonSql"/>
     </select>

     <!-- 公告分页查询 -->
     <select id="selectNoticeByPage" resultMap="NoticeMapper">
          
          select * from hrm_notice 
          <!-- 引入公共的sql语句 -->
          <include refid="commonSql"/>
          limit #{pageModel.startNum} , #{pageModel.pageSize}
          
           
     </select>
     
     <!-- 结果映射 -->
     <resultMap type="Notice" id="NoticeMapper">
         <result column="create_date" property="createDate"/>
         <!-- 根据用户的id实现关联查询 -->
         <association property="user" column="user_id" select="org.fkjava.hrm.mapper.UserMapper.getUserById"></association>
     </resultMap>
     
     <!-- 抽取公共代码 -->
     <sql id="commonSql">
           <where>
             <if test="notice !=null and notice.title!=null and notice.title != '' ">
                 <!-- title like '%放假%'    concat：衔接符号-->
                 title like concat("%",#{notice.title},"%")
             </if>
          </where>
     </sql>
</mapper>