<?xml version="1.0" encoding="UTF-8" ?>
<!DOCTYPE struts PUBLIC
	"-//Apache Software Foundation//DTD Struts Configuration 2.3//EN"
	"http://struts.apache.org/dtds/struts-2.3.dtd">

<struts>
    <package name="notice" namespace="/notice" extends="hrm">
    
         <!-- 公告分页查询 -->
         <action name="selectNotice" class="org.fkjava.hrm.action.notice.NoticeAction" method="selectNoticeByPage">
             <result>/WEB-INF/jsp/notice/notice.jsp</result>
         </action>
         
         <!-- 删除公告 -->
         <action name="deleteNoticesByIds" class="org.fkjava.hrm.action.notice.NoticeAction" method="deleteNoticesByIds">
             <result type="chain">selectNotice</result>
         </action>
         
         <!-- 公告预览 -->
         <action name="prevNotice">
              <result>/WEB-INF/jsp/notice/prevNotice.jsp</result>
         </action>
         
         <!-- 异步加载公告内容 -->
         <action name="ajaxLoadNotice"  class="org.fkjava.hrm.action.notice.NoticeAction" method="ajaxLoadNotice"></action>
          
          <!-- 跳转至添加公告页面 -->
          <action name="showAddNotice">
              <result>/WEB-INF/jsp/notice/addNotice.jsp</result>
          </action>
          
          <!-- 添加公告 -->
          <action name="addNotice" class="org.fkjava.hrm.action.notice.NoticeAction" method="addNotice">
             <!-- 引入方表单重复提交拦截器 -->
             <interceptor-ref name="token"></interceptor-ref>
             <!-- 引入项目默认拦截器 -->
             <interceptor-ref name="hrmInterceptorStack"></interceptor-ref>
             <result>/WEB-INF/jsp/notice/addNotice.jsp</result>
             <result name="invalid.token">/WEB-INF/jsp/notice/addNotice.jsp</result>
          </action>
          
          <!-- 跳转至更新公告页面 -->
          <action name="showUpdateNotice" class="org.fkjava.hrm.action.notice.NoticeAction" method="showUpdateNotice">
             <result>/WEB-INF/jsp/notice/updateNotice.jsp</result>
          </action>
   
           <!-- 更新公告 -->
          <action name="updateNotice" class="org.fkjava.hrm.action.notice.NoticeAction" method="updateNotice">
             <!-- 引入方表单重复提交拦截器 -->
             <interceptor-ref name="token"></interceptor-ref>
             <!-- 引入项目默认拦截器 -->
             <interceptor-ref name="hrmInterceptorStack"></interceptor-ref>
             <result>/WEB-INF/jsp/notice/updateNotice.jsp</result>
             <result name="invalid.token">/WEB-INF/jsp/notice/updateNotice.jsp</result>
          </action>
   
           <!-- jquery.form.js异步上传文件 -->
          <action name="uploadFile"  class="org.fkjava.hrm.action.FileAjaxUpload" method="ajaxUploadFile">
          </action>
          
        
          
    </package>
</struts>
