<?xml version="1.0" encoding="UTF-8" ?>
<!DOCTYPE mapper
	PUBLIC "-//mybatis.org//DTD Mapper 3.0//EN"
	"http://mybatis.org/dtd/mybatis-3-mapper.dtd">

<mapper namespace="org.fkjava.mapper.ArticleMapper">


   <!-- 根据物品类型以及用户输入的关键字获取物品信息 -->
   <select id="findArticleByCodeAndKeyWord"  resultType="Article">
      SELECT * FROM ec_article
       <include refid="commonsql"/>
       limit #{page.startNumber},#{page.pageSize}
   </select>
   
    <!-- 根据物品类型以及用户输入的关键字获取物品信息 -->
   <select id="findArticleCountByCodeAndKeyWord" resultType="int">
      SELECT count(*) FROM ec_article
        <include refid="commonsql"/>
   </select>
   
   <!-- 提取公共sql -->
    <sql id="commonsql">
          <where>
         <if test="keyword !=null and keyword!= '' ">
           title like #{keyword}
         </if>
         and type_code like #{typecode}
       </where>
    </sql>
</mapper>