<?xml version="1.0" encoding="UTF-8" ?>
<!DOCTYPE mapper
	PUBLIC "-//mybatis.org//DTD Mapper 3.0//EN"
	"http://mybatis.org/dtd/mybatis-3-mapper.dtd">

<mapper namespace="org.fkjava.mapper.OrderMapper">

     <!-- 保存订单; useGeneratedKeys='true':表示使用jdbc中的getGeneratedKeys方法获取主键  
     keyColumn="id":对应数据库表中的列名   
     keyProperty="id"：对应实体bean中的属性名
     -->
     <insert id="save" useGeneratedKeys="true" keyColumn="id" keyProperty="id">
        insert into ec_order(order_code,create_date,amount,user_id) 
        values(#{orderCode},#{createDate},#{amount},#{userId})
     </insert>
     
     <!-- 根据用户id获取订单信息 -->
     <select id="findOrderByUserId" resultMap="orderMapper">
         SELECT * FROM ec_order WHERE user_id  = #{id}
     </select>
     
     <!-- 订单列与属性映射 -->
     <resultMap type="Order" id="orderMapper">
         <result column="id" property="id"/>
         <result column="order_code" property="orderCode"/>
         <result column="create_date" property="createDate"/>
         <result column="send_date" property="sendDate"/>
         <!-- 关联查询订单明细信息   column='id':对应数据库中的列名    property="items"：对应实体bean的属性
          select=""：对应的是查询语句-->
         <collection property="items" column="id" select="org.fkjava.mapper.OrderItemMapper.getOrderItemsByOrderId"></collection>
     
     </resultMap>
     
</mapper>