<?xml version="1.0" encoding="UTF-8"?>
<!--
                Licensed to the Apache Software Foundation (ASF) under one or more
                contributor license agreements. See the NOTICE file distributed with
                this work for additional information regarding copyright ownership.
                The ASF licenses this file to You under the Apache License, Version
                2.0 (the "License"); you may not use this file except in compliance
                with the License. You may obtain a copy of the License at

                http://www.apache.org/licenses/LICENSE-2.0 Unless required by
                applicable law or agreed to in writing, software distributed under the
                License is distributed on an "AS IS" BASIS, WITHOUT WARRANTIES OR
                CONDITIONS OF ANY KIND, either express or implied. See the License for
                the specific language governing permissions and limitations under the
                License.
        -->
<beans xmlns="http://www.springframework.org/schema/beans" xmlns:xsi="http://www.w3.org/2001/XMLSchema-instance" xmlns:jaxws="http://cxf.apache.org/jaxws"
    xmlns:cxf="http://cxf.apache.org/core"
    xsi:schemaLocation="http://www.springframework.org/schema/beans http://www.springframework.org/schema/beans/spring-beans.xsd                 http://www.springframework.org/schema/context http://www.springframework.org/schema/context/spring-context.xsd                 http://cxf.apache.org/core http://cxf.apache.org/schemas/core.xsd                 http://cxf.apache.org/jaxws http://cxf.apache.org/schemas/jaxws.xsd ">
    
    <cxf:bus name="cxf">
        <cxf:features>
            <bean class="org.apache.cxf.metrics.MetricsFeature"/>
        </cxf:features>
    </cxf:bus>
    
    <bean id="org.apache.cxf.management.InstrumentationManager" class="org.apache.cxf.management.jmx.InstrumentationManagerImpl"
        init-method="init">
        <property name="enabled" value="true"/>
        <property name="usePlatformMBeanServer" value="true"/>
        <property name="bus" ref="cxf"/>
    </bean>
    <bean id="org.apache.cxf.management.counters.CounterRepository" class="org.apache.cxf.management.counters.CounterRepository">
        <property name="bus" ref="cxf"/>
    </bean>
    
    <!-- HTTP Endpoint -->
    <jaxws:endpoint xmlns:customer="http://customerservice.example.com/" id="CustomerServiceHTTP" address="http://localhost:9090/CustomerServicePort" serviceName="customer:CustomerServiceService" endpointName="customer:CustomerServiceEndpoint" implementor="com.example.customerservice.server.CustomerServiceImpl">
        <jaxws:features>
            <bean class="org.apache.cxf.feature.LoggingFeature"/>
        </jaxws:features>
    </jaxws:endpoint>
</beans>
