<?xml version="1.0" encoding="UTF-8"?>
<!DOCTYPE mapper
  PUBLIC "-//mybatis.org//DTD Mapper 3.0//EN"
  "http://mybatis.org/dtd/mybatis-3-mapper.dtd">
<mapper namespace="org.fkjava.j1604.shop.entity.mapper.ArticleMapper">

	<resultMap id="articleMap" type="org.fkjava.j1604.shop.entity.db.Article">
		<id property="id" column="ID" />
		<!-- 并不需要每个字段都在这里手动映射，因为名字相同的字段会自动映射 -->
		<result property="putawayDate" column="PUTAWAY_DATE" />
		<result property="createDate" column="CREATE_date" />
		<!-- 商品，需要管理商品的类型。商品类型是一个对象，需要通过TYPE_CODE列的值，去查询对象出来 -->
		<association property="type" column="TYPE_CODE"
			select="org.fkjava.j1604.shop.entity.mapper.ArticleTypeMapper.getByCode" />
	</resultMap>

	<select id="getById" resultMap="articleMap">
		select * from ec_article where
		id=#{id}
	</select>

	<delete id="delete">
		update ec_article set disabled='1' where id=#{id}
	</delete>

	<select id="getArticleList" resultMap="articleMap">
		select * from ec_article
		<include refid="searchCondition" />
		<if test="page != null">
			limit #{page.startRowNumber}, #{page.pageSize}
		</if>
	</select>

	<select id="count" resultType="int">
		select count(*) from ec_article
		<!-- 包含另外的一个sql片段进来 -->
		<include refid="searchCondition" />
	</select>
	<!-- sql标签，用于定义一些公用的代码片段，使用的时候用include标签包含进去使用 -->
	<sql id="searchCondition">
		<!-- where元素除了里面没有条件不会添加where关键字外。 -->
		<!-- 还有一个好处：如果and、or开头的，会把and、or去掉 -->
		<where>
			<if test="keyword != null">
				and (title like #{keyword} or description like #{keyword})
			</if>
			<if test="typeCode != null">
				and TYPE_CODE like #{typeCode}
			</if>
		</where>
	</sql>
</mapper>