<?xml version="1.0" encoding="UTF-8"?>
<!DOCTYPE mapper
  PUBLIC "-//mybatis.org//DTD Mapper 3.0//EN"
  "http://mybatis.org/dtd/mybatis-3-mapper.dtd">
<mapper namespace="org.fkjava.j1604.shop.entity.mapper.ArticleTypeMapper">

	<!-- 全自动映射的，也应该有手动的一个Map，只是里面内容留空即可。 -->
	<resultMap id="articleTypeMap" type="org.fkjava.j1604.shop.entity.db.ArticleType">
	</resultMap>

	<select id="getByCode" resultMap="articleTypeMap">
		select * from ec_article_type
		where code=#{code}
	</select>
	
	<!-- 类型是四位一段（级），只需要查询CODE长度为4的商品类型，就是一级类型 -->
	<select id="getTopLevelTypes" resultMap="articleTypeMap">
		select * from ec_article_type where length( code ) = 4
	</select>
	<select id="getAllTypes" resultMap="articleTypeMap">
		select * from ec_article_type
		<where>
			<!-- 使用where标签里面如果没有任何语句被添加，不会生成where关键词 -->
			<!-- if里面，如果条件不匹配，则不会生成if标签里面的条件 -->
			<if test="typeCode != null">
				CODE like #{typeCode}
			</if>
		</where>
	</select>
</mapper>