<?xml version="1.0" encoding="UTF-8" ?>
<!DOCTYPE mapper
	PUBLIC "-//mybatis.org//DTD Mapper 3.0//EN"
	"http://mybatis.org/dtd/mybatis-3-mapper.dtd">

<mapper namespace="org.fkjava.hrm.mapper.EmployeeMapper">
     <!-- 获取员工总记录 -->
     <select id="findTotalNum" resultType="int">
         select count(*) from hrm_employee 
         <!-- 引入公共的sql语句 -->
        <include refid="commonSql"/>
     </select>

     <!-- 员工分页查询 -->
     <select id="selectEmployeeByPage" resultMap="EmployeeMapper">
          
          select * from hrm_employee
          <!-- 引入公共的sql语句 -->
          <include refid="commonSql"/>
          limit #{pageModel.startNum} , #{pageModel.pageSize}
          
           
     </select>
     
     <!-- 结果映射 -->
     <resultMap type="Employee" id="EmployeeMapper">
         <result column="create_date" property="createDate"/>
         <result column="card_id" property="cardId"/>
         <!-- 根据部门以及职位的id关联查询部门以及职位信息 -->
         <association property="job"  column="job_id" select="org.fkjava.hrm.mapper.JobMapper.getJobById"></association>
         <association property="dept"  column="dept_id" select="org.fkjava.hrm.mapper.DeptMapper.getDeptById"></association>
     </resultMap>
     
     <!-- 抽取公共代码 -->
     <sql id="commonSql">
           <where>
             <if test="employee !=null and employee.name!=null and employee.name != '' ">
                and name like concat("%",#{employee.name},"%")
             </if> 
             <if test="employee !=null and employee.phone!=null and employee.phone != '' ">
                 and phone like concat("%",#{employee.phone},"%")
             </if>
             <if test="employee !=null and employee.cardId!=null and employee.cardId != '' ">
                 and card_id like concat("%",#{employee.cardId},"%")
             </if>
             <if test="employee !=null and employee.sex &gt; 0 ">
                 and sex =  #{employee.cardId}
             </if>
             <if test="employee !=null and employee.deptId &gt; 0 ">
                 and dept_id =  #{employee.deptId}
             </if>
             <if test="employee !=null and employee.jobId &gt; 0 ">
                 and job_id =  #{employee.jobId}
             </if>
          </where>
     </sql>
     
     <!-- 根据用户输入的查询条件获取所有员工信息  无需分页 -->
     <select id="findEmployeeByParams" resultType="Employee_demo">
        select e.id,e.name,e.sex,e.phone,e.email,j.name as job,e.education,e.card_id as cardId,d.name as dept, e.address,e.create_date as createDate
        from hrm_employee as e,hrm_job as j,hrm_dept as d  where e.job_id = j.id and e.dept_id = d.id
        
         <if test="job !=null &amp;&amp; job.id &gt; 0">
              and e.job_id = #{job.id} 
            </if>
            
            <if test="name !=null &amp;&amp; name !=''">
              and e.name like CONCAT("%", #{name},"%") 
            </if>
            
           <if test="cardId !=null &amp;&amp; cardId !=''">
              and e.card_id like CONCAT("%",#{cardId},"%")  
            </if>
            
             <if test="sex &gt; 0">
              and e.sex = #{sex} 
            </if>
            
            <if test="phone !=null &amp;&amp; phone !=''">
              and e.phone like CONCAT("%",#{phone},"%")
            </if>
            
            <if test="dept !=null &amp;&amp; dept.id &gt; 0">
              and e.dept_id = #{dept.id} 
            </if>
     </select>
     
     <insert id="addEmp">
         insert into hrm_employee (DEPT_ID, JOB_ID, NAME, CARD_ID,
					 ADDRESS, POST_CODE, TEL, PHONE, QQ_NUM, EMAIL, 
					 SEX, PARTY, BIRTHDAY, RACE, EDUCATION, SPECIALITY, 
					 PICTURE, HOBBY, REMARK, CREATE_DATE) 
			   values(#{dept.id},#{job.id},#{name},#{cardId},
			          #{address},#{postCode},#{tel},#{phone},#{qqNum},
			          #{email},#{sex},#{party},#{birthday},#{race},#{education},
			          #{speciality},#{picture},#{hobby},#{remark},#{createDate})
     </insert>
</mapper>