<?xml version="1.0" encoding="UTF-8" ?>
<!DOCTYPE struts PUBLIC
	"-//Apache Software Foundation//DTD Struts Configuration 2.3//EN"
	"http://struts.apache.org/dtds/struts-2.3.dtd">

<struts>
	
    <package name="employee" namespace="/employee" extends="hrm">
    
        <!-- 员工多条件分页查询 -->
        <action name="selectEmp" class="org.fkjava.hrm.action.employee.EmployeeAction" method="selectEmpByPage">
            <result>/WEB-INF/jsp/employee/employee.jsp</result>
        </action>
        
        <!-- 删除员工 -->
        <action name="deleteEmployee"  class="org.fkjava.hrm.action.employee.EmployeeAction" method="deleteEmployee">
          <result type="chain">selectEmp</result>
        
        </action> 
        
        <!-- 导出Excel文件 -->
        <action name="downExcel" class="org.fkjava.hrm.action.employee.EmployeeAction" method="downExcel"></action>
        
        <!-- 跳转至添加员工页面 -->
        <action name="showAddEmp" class="org.fkjava.hrm.action.employee.EmployeeAction" method="showAddEmp">
           <result>/WEB-INF/jsp/employee/addEmployee.jsp</result>
        </action>
        
        <!-- 保存员工信息 -->
        <action name="addEmp" class="org.fkjava.hrm.action.employee.EmployeeAction" method="addEmp">
                <!-- 引入防止表单重复提交拦截器 -->
                <interceptor-ref name="token"></interceptor-ref>
                <interceptor-ref name="loginStack"></interceptor-ref>
                <result type="chain">showAddEmp</result>
                <!-- 表单重复提交时 会返回invalid.token标识符 -->
                <result name="invalid.token" type="chain">showAddEmp</result>
        </action>
    </package>
    
    

    
    
</struts>
