<?xml version="1.0" encoding="UTF-8" ?>
<!DOCTYPE struts PUBLIC
	"-//Apache Software Foundation//DTD Struts Configuration 2.3//EN"
	"http://struts.apache.org/dtds/struts-2.3.dtd">

<struts>

    <package name="popedom" namespace="/popedom" extends="oa">
        
        <!-- 角色绑定操作主页面 -->
          <action name="mgrPopedom" class="org.fkjava.oa.identity.action.PopedomAction">
              <result>/WEB-INF/jsp/popedom/popedomMain.jsp</result>
          </action>
          
          <!-- 加载权限树左侧页面 -->
          <action name="popedomLeft" class="org.fkjava.oa.identity.action.PopedomAction">
              <result>/WEB-INF/jsp/popedom/popedomLeft.jsp</result>
          </action>
          
          <!-- 异步加载一级以及二级模块 -->
          <action name="ajaxLoadFirstAndSecondModule" class="org.fkjava.oa.identity.action.PopedomAction" method="ajaxLoadFirstAndSecondModule"></action>
   
   
          <!-- 根据父级模块code获取子模块信息 -->
          <action name="selectModuleByParentCode"  class="org.fkjava.oa.identity.action.PopedomAction" method="selectModuleByParentCode">
           <result>/WEB-INF/jsp/popedom/popedom.jsp</result>
          </action>
          
          <!-- 绑定权限 -->
          <action name="bindPopedomByRoleIdAndModuleCode" class="org.fkjava.oa.identity.action.PopedomAction" method="bindPopedomByRoleIdAndModuleCode">
            <result type="chain">selectModuleByParentCode</result>
          </action>
          
          <!-- 获取当前用户的权限信息 -->
          <action name="ajaxLoadUserPopedoms" class="org.fkjava.oa.identity.action.PopedomAction" method="ajaxLoadUserPopedoms"></action>
    </package>
        
</struts>
