<?xml version="1.0" encoding="UTF-8" ?>
<!DOCTYPE struts PUBLIC
	"-//Apache Software Foundation//DTD Struts Configuration 2.3//EN"
	"http://struts.apache.org/dtds/struts-2.3.dtd">

<struts>
	
    <package name="notice" namespace="/notice" extends="hrm">
    
        <!-- 公告分页查询 -->
        <action name="selectNotice" class="org.fkjava.hrm.action.notice.NoticeAction" method="selectNoticeByPage">
            <result>/WEB-INF/jsp/notice/notice.jsp</result>
        </action>
        
        <!-- 删除公告  -->
        <action name="deleteNoticeByIds" class="org.fkjava.hrm.action.notice.NoticeAction" method="deleteNoticeByIds">
            <result type="chain">selectNotice</result>
        </action>
        
        <!-- 预览公告 -->
        <action name="prevNotice" class="org.fkjava.hrm.action.notice.NoticeAction">
                <result>/WEB-INF/jsp/notice/prevNotice.jsp</result>
        </action>
        
        <!-- 跳转至添加公告页面 -->
        <action name="showAddNotice">
               <result>/WEB-INF/jsp/notice/addNotice.jsp</result>
        </action>
        
        <!-- 添加公告 -->
        <action name="addNotice" class="org.fkjava.hrm.action.notice.NoticeAction" method="addNotice">
                <!-- 引入防止表单重复提交拦截器 -->
                <interceptor-ref name="token"></interceptor-ref>
                <interceptor-ref name="loginStack"></interceptor-ref>
                <result>/WEB-INF/jsp/notice/addNotice.jsp</result>
                <!-- 表单重复提交时 会返回invalid.token标识符 -->
                <result name="invalid.token">/WEB-INF/jsp/notice/addNotice.jsp</result>
        </action>
        
          <!-- 跳转至修改公告页面 -->
        <action name="showUpdateNotice" class="org.fkjava.hrm.action.notice.NoticeAction" method="showUpdateNotice">
               <result>/WEB-INF/jsp/notice/updateNotice.jsp</result>
        </action>
        
         <!-- 更新公告 -->
        <action name="updateNotice" class="org.fkjava.hrm.action.notice.NoticeAction" method="updateNotice">
                <!-- 引入防止表单重复提交拦截器 -->
                <interceptor-ref name="token"></interceptor-ref>
                <interceptor-ref name="loginStack"></interceptor-ref>
                <result>/WEB-INF/jsp/notice/updateNotice.jsp</result>
                <!-- 表单重复提交时 会返回invalid.token标识符 -->
                <result name="invalid.token">/WEB-INF/jsp/notice/updateNotice.jsp</result>
        </action>
        
    </package>
    
    
</struts>
