<?xml version="1.0" encoding="UTF-8"?>
<!DOCTYPE mapper
  PUBLIC "-//mybatis.org//DTD Mapper 3.0//EN"
  "http://mybatis.org/dtd/mybatis-3-mapper.dtd">
<mapper namespace="org.fkjava.j1604.shop.entity.mapper.ArticleMapper">

	<resultMap id="articleMap" type="org.fkjava.j1604.shop.entity.db.Article">
		<id property="id" column="ID" />
		<!-- 并不需要每个字段都在这里手动映射，因为名字相同的字段会自动映射 -->
		<result property="putawayDate" column="PUTAWAY_DATE" />
		<result property="createDate" column="CREATE_date" />
		<!-- 商品，需要管理商品的类型。商品类型是一个对象，需要通过TYPE_CODE列的值，去查询对象出来 -->
		<association property="type" column="TYPE_CODE"
			select="org.fkjava.j1604.shop.entity.mapper.ArticleTypeMapper.getByCode" />
	</resultMap>

	<select id="getById" resultMap="articleMap">
		select * from ec_article where
		id=#{id}
	</select>

	<delete id="delete">
		update ec_article set disabled='1' where id=#{id}
	</delete>
</mapper>