<?xml version="1.0" encoding="UTF-8" ?>

<!DOCTYPE struts PUBLIC
	"-//Apache Software Foundation//DTD Struts Configuration 2.3//EN"
	"http://struts.apache.org/dtds/struts-2.3.dtd">

<struts>
	<constant name="struts.devMode" value="true" />

	<package name="test" extends="struts-default" namespace="/test">
		<action name="getLogin" class="org.fkjava.j1604.c.UserAction"
			method="getLogin">
			<result>/WEB-INF/views/login.jsp</result>
			<!-- 只允许GET方法 -->
			<allowed-methods>GET</allowed-methods>
		</action>

		<action name="login" class="org.fkjava.j1604.c.UserAction"
			method="login">
			<result type="redirectAction" name="success">info</result>
			<result name="input">/WEB-INF/views/login.jsp</result>
		</action>

		<action name="info" class="org.fkjava.j1604.c.UserAction"
			method="info">
			<result>/WEB-INF/views/info.jsp</result>
		</action>

	</package>
</struts>

