<?xml version="1.0" encoding="utf-8"?>
<!DOCTYPE hibernate-mapping PUBLIC 
    "-//Hibernate/Hibernate Mapping DTD 3.0//EN"
    "http://www.hibernate.org/dtd/hibernate-mapping-3.0.dtd">
<hibernate-mapping>
	<!-- 定义HQL查询语句 -->
	<query name="hql_1">select s from Student s where s.name like ?</query>
	
	<!-- 定义SQL查询语句 -->
	<sql-query name="sql_1">
		SELECT s.*,t.* FROM stu_info AS s, tea_info AS t WHERE s.t_id = t.tea_id
		<!-- addEntity: 实体查询 -->
		<return alias="s" class="org.fkjava.hibernate.domain.Student"></return>
		<return alias="t" entity-name="org.fkjava.hibernate.domain.Teacher"></return>
		<!-- addJoin : 关联查询 -->
		<return-join alias="t" property="s.teacher"></return-join>
		<!-- addScalar : 标量查询 -->
		<return-scalar column="s.stu_name"/>
	</sql-query>
	
	<!-- 调用存储过程的命名查询 -->
	<sql-query name="call_proc">
		{call query_stu(?)}
		<!-- 存储过程查询出来的学生数据封装成学生对象  -->
		<return class="org.fkjava.hibernate.domain.Student"></return>
	</sql-query>
</hibernate-mapping>