<?xml version="1.0" encoding="UTF-8" ?>
<!DOCTYPE struts PUBLIC
	"-//Apache Software Foundation//DTD Struts Configuration 2.3//EN"
	"http://struts.apache.org/dtds/struts-2.3.dtd">

<struts>
	
    <package name="employee" namespace="/employee" extends="hrm">
    
        <!-- 员工多条件分页查询 -->
        <action name="selectEmp" class="org.fkjava.hrm.action.employee.EmployeeAction" method="selectEmpByPage">
            <result>/WEB-INF/jsp/employee/employee.jsp</result>
        </action>
        
        <!-- 删除员工 -->
        <action name="deleteEmployee"  class="org.fkjava.hrm.action.employee.EmployeeAction" method="deleteEmployee">
          <result type="chain">selectEmp</result>
        
        </action> 
        
        <!-- 导出Excel文件 -->
        <action name="downExcel" class="org.fkjava.hrm.action.employee.EmployeeAction" method="downExcel"></action>
        
       
    </package>
    
    

    
    
</struts>
