<?xml version="1.0" encoding="UTF-8" ?>
<!DOCTYPE struts PUBLIC
	"-//Apache Software Foundation//DTD Struts Configuration 2.3//EN"
	"http://struts.apache.org/dtds/struts-2.3.dtd">

<struts>

    <package name="module" namespace="/module" extends="oa">
        
        <!-- 访问操作管理主页面 -->
        <action name="mgrModule">
            <result>/WEB-INF/jsp/module/moduleMain.jsp</result>
        </action>
        
        <!-- 加载模块管理左侧页面 -->
        <action name="moduleLeft">
            <result>/WEB-INF/jsp/module/moduleLeft.jsp</result>
        </action>
        
        <!-- 异步加载模块信息 -->
        <action name="ajaxLoadModule" class="org.fkjava.oa.identity.action.ModuleAction" method="ajaxLoadModule">
        </action>
        
        <!-- 模块分页查询 -->
        <action name="selectModuleByParentCode" class="org.fkjava.oa.identity.action.ModuleAction" method="selectModuleByParentCode">
            <result>/WEB-INF/jsp/module/module.jsp</result>
        </action>
        
         <!-- 跳转至添加模块页面 -->
        <action name="showAddModule" class="org.fkjava.oa.identity.action.ModuleAction">   
           <result>/WEB-INF/jsp/module/addModule.jsp</result>
        </action>
        
         <!-- 添加模块 -->
         <action name="addModule" class="org.fkjava.oa.identity.action.ModuleAction" method="addModule">
             <!-- 引入防表单重复提交拦截器 -->
                <interceptor-ref name="token"></interceptor-ref>
                <interceptor-ref name="OAStack"></interceptor-ref>
                <result name="success">/WEB-INF/jsp/module/addModule.jsp</result>
                <!-- 当表单重复提交时，token拦截器会返回 invalid.token-->
                <result name="invalid.token">/WEB-INF/jsp/module/addModule.jsp</result>
        </action>
        
        
        <!-- 跳转至更新模块页面 -->
        <action name="showUpdateModule" class="org.fkjava.oa.identity.action.ModuleAction" method="showUpdateModule">
           <result>/WEB-INF/jsp/module/updateModule.jsp</result>
        </action>
        
        <!-- 更新模块 -->
         <action name="updateModule" class="org.fkjava.oa.identity.action.ModuleAction" method="updateModule">
             <!-- 引入防表单重复提交拦截器 -->
                <interceptor-ref name="token"></interceptor-ref>
                <interceptor-ref name="OAStack"></interceptor-ref>
                <result>/WEB-INF/jsp/module/updateModule.jsp</result>
                <!-- 当表单重复提交时，token拦截器会返回 invalid.token-->
                <result name="invalid.token">/WEB-INF/jsp/module/updateModule.jsp</result>
        </action>
        
        
        <!-- 删除模块 -->
        <action name="deleteModuleByCodes" class="org.fkjava.oa.identity.action.ModuleAction" method="deleteModuleByCodes">
        
           <result type="chain">selectModuleByParentCode</result>
        </action>
    </package>
        
</struts>
