<?xml version="1.0" encoding="UTF-8" ?>
<!DOCTYPE struts PUBLIC
	"-//Apache Software Foundation//DTD Struts Configuration 2.3//EN"
	"http://struts.apache.org/dtds/struts-2.3.dtd">

<struts>

    <package name="popedom" namespace="/popedom" extends="oa">
        
        <!-- 角色绑定操作主页面 -->
          <action name="mgrPopedom" class="org.fkjava.oa.identity.action.PopedomAction">
              <result>/WEB-INF/jsp/popedom/popedomMain.jsp</result>
          </action>
          
          <!-- 加载权限树左侧页面 -->
          <action name="popedomLeft" class="org.fkjava.oa.identity.action.PopedomAction">
              <result>/WEB-INF/jsp/popedom/popedomLeft.jsp</result>
          </action>
          
          <!-- 异步加载一级以及二级模块 -->
          <action name="ajaxLoadFirstAndSecondModule" class="org.fkjava.oa.identity.action.PopedomAction" method="ajaxLoadFirstAndSecondModule"></action>
    </package>
        
</struts>
