<?xml version="1.0" encoding="UTF-8"?>
<!DOCTYPE mapper PUBLIC "-//mybatis.org//DTD Mapper 3.0//EN" "http://mybatis.org/dtd/mybatis-3-mapper.dtd">
<mapper namespace="org.fkjava.j1303.ec.entity.mapper.ArticleMapper">
	<resultMap id="BaseResultMap" type="org.fkjava.j1303.ec.entity.model.Article">
		<!-- WARNING - @mbggenerated This element is automatically generated by 
			MyBatis Generator, do not modify. This element was generated on Fri Jun 28 
			16:25:06 CST 2013. -->
		<id column="ID" jdbcType="INTEGER" property="id" />
		<result column="TITLE" jdbcType="VARCHAR" property="title" />
		<result column="SUPPLIER" jdbcType="VARCHAR" property="supplier" />
		<result column="PRICE" jdbcType="DOUBLE" property="price" />
		<result column="DISCOUNT" jdbcType="DOUBLE" property="discount" />
		<result column="LOCALITY" jdbcType="VARCHAR" property="locality" />
		<result column="PUTAWAY_DATE" jdbcType="DATE" property="putawayDate" />
		<result column="STORAGE" jdbcType="INTEGER" property="storage" />
		<result column="IMAGE" jdbcType="VARCHAR" property="image" />
		<result column="DESCRIPTION" jdbcType="VARCHAR" property="description" />
		<result column="TYPE_CODE" jdbcType="VARCHAR" property="typeCode" />
		<result column="CREATE_DATE" jdbcType="DATE" property="createDate" />
		<result column="DISABLED" jdbcType="BIT" property="disabled" />
		<association property="articleType" column="TYPE_CODE"
			select="org.fkjava.j1303.ec.entity.mapper.ArticleTypeMapper.selectByPrimaryKey"></association>
	</resultMap>
	<sql id="Example_Where_Clause">
		<!-- WARNING - @mbggenerated This element is automatically generated by 
			MyBatis Generator, do not modify. This element was generated on Fri Jun 28 
			16:25:06 CST 2013. -->
		<where>
			<foreach collection="oredCriteria" item="criteria" separator="or">
				<if test="criteria.valid">
					<trim prefix="(" prefixOverrides="and" suffix=")">
						<foreach collection="criteria.criteria" item="criterion">
							<choose>
								<when test="criterion.noValue">
									and ${criterion.condition}
								</when>
								<when test="criterion.singleValue">
									and ${criterion.condition} #{criterion.value}
								</when>
								<when test="criterion.betweenValue">
									and ${criterion.condition} #{criterion.value}
									and
									#{criterion.secondValue}
								</when>
								<when test="criterion.listValue">
									and ${criterion.condition}
									<foreach close=")" collection="criterion.value" item="listItem"
										open="(" separator=",">
										#{listItem}
									</foreach>
								</when>
							</choose>
						</foreach>
					</trim>
				</if>
			</foreach>
			
			<if test="! likeCriteria.empty">
				<foreach collection="likeCriteria" item="criteria" open="and (" close=")" separator="or">
					<if test="criteria.valid">
						<foreach collection="criteria.criteria" item="criterion" separator="or">
							${criterion.condition} #{criterion.value}
						</foreach>
					</if>
				</foreach>
			</if>
		</where>
	</sql>
	<sql id="Update_By_Example_Where_Clause">
		<!-- WARNING - @mbggenerated This element is automatically generated by 
			MyBatis Generator, do not modify. This element was generated on Fri Jun 28 
			16:25:06 CST 2013. -->
		<where>
			<foreach collection="example.oredCriteria" item="criteria"
				separator="or">
				<if test="criteria.valid">
					<trim prefix="(" prefixOverrides="and" suffix=")">
						<foreach collection="criteria.criteria" item="criterion">
							<choose>
								<when test="criterion.noValue">
									and ${criterion.condition}
								</when>
								<when test="criterion.singleValue">
									and ${criterion.condition} #{criterion.value}
								</when>
								<when test="criterion.betweenValue">
									and ${criterion.condition} #{criterion.value}
									and
									#{criterion.secondValue}
								</when>
								<when test="criterion.listValue">
									and ${criterion.condition}
									<foreach close=")" collection="criterion.value" item="listItem"
										open="(" separator=",">
										#{listItem}
									</foreach>
								</when>
							</choose>
						</foreach>
					</trim>
				</if>
			</foreach>
		</where>
	</sql>
	<sql id="Base_Column_List">
		<!-- WARNING - @mbggenerated This element is automatically generated by 
			MyBatis Generator, do not modify. This element was generated on Fri Jun 28 
			16:25:06 CST 2013. -->
		ID, TITLE, SUPPLIER, PRICE, LOCALITY, PUTAWAY_DATE, STORAGE, IMAGE,
		DESCRIPTION,
		TYPE_CODE, CREATE_DATE, DISABLED, DISCOUNT
	</sql>
	<select id="selectByExample" parameterType="org.fkjava.j1303.ec.entity.model.ArticleExample"
		resultMap="BaseResultMap">
		<!-- WARNING - @mbggenerated This element is automatically generated by 
			MyBatis Generator, do not modify. This element was generated on Fri Jun 28 
			16:25:06 CST 2013. -->
		select
		<if test="distinct">
			distinct
		</if>
		<include refid="Base_Column_List" />
		from ec_article
		<if test="_parameter != null">
			<include refid="Example_Where_Clause" />
		</if>
		<if test="orderByClause != null">
			order by ${orderByClause}
		</if>
		<if test="_parameter.page != null">
			limit #{_parameter.page.startRow}, #{_parameter.page.maxRows}
		</if>
	</select>
	<select id="selectByPrimaryKey" parameterType="java.lang.Integer"
		resultMap="BaseResultMap">
		<!-- WARNING - @mbggenerated This element is automatically generated by 
			MyBatis Generator, do not modify. This element was generated on Fri Jun 28 
			16:25:06 CST 2013. -->
		select
		<include refid="Base_Column_List" />
		from ec_article
		where ID = #{id,jdbcType=INTEGER}
	</select>
	<delete id="deleteByPrimaryKey" parameterType="java.lang.Integer">
		<!-- WARNING - @mbggenerated This element is automatically generated by 
			MyBatis Generator, do not modify. This element was generated on Fri Jun 28 
			16:25:06 CST 2013. -->
		delete from ec_article
		where ID = #{id,jdbcType=INTEGER}
	</delete>
	<delete id="deleteByExample" parameterType="org.fkjava.j1303.ec.entity.model.ArticleExample">
		<!-- WARNING - @mbggenerated This element is automatically generated by 
			MyBatis Generator, do not modify. This element was generated on Fri Jun 28 
			16:25:06 CST 2013. -->
		delete from ec_article
		<if test="_parameter != null">
			<include refid="Example_Where_Clause" />
		</if>
	</delete>
	<insert id="insert" parameterType="org.fkjava.j1303.ec.entity.model.Article">
		<!-- WARNING - @mbggenerated This element is automatically generated by 
			MyBatis Generator, do not modify. This element was generated on Fri Jun 28 
			16:25:06 CST 2013. -->
		insert into ec_article (ID, TITLE, SUPPLIER,
		PRICE, LOCALITY,
		PUTAWAY_DATE,
		STORAGE, IMAGE, DESCRIPTION,
		TYPE_CODE, CREATE_DATE,
		DISABLED, 
		DISCOUNT
		)
		values (#{id,jdbcType=INTEGER}, #{title,jdbcType=VARCHAR},
		#{supplier,jdbcType=VARCHAR},
		#{price,jdbcType=DOUBLE},
		#{locality,jdbcType=VARCHAR}, #{putawayDate,jdbcType=DATE},
		#{storage,jdbcType=INTEGER}, #{image,jdbcType=VARCHAR},
		#{description,jdbcType=VARCHAR},
		#{typeCode,jdbcType=VARCHAR},
		#{createDate,jdbcType=DATE}, 
		#{disabled,jdbcType=BIT}, 
		#{discount,jdbcType=DOUBLE}
		)
	</insert>
	<insert id="insertSelective" parameterType="org.fkjava.j1303.ec.entity.model.Article">
		<!-- WARNING - @mbggenerated This element is automatically generated by 
			MyBatis Generator, do not modify. This element was generated on Fri Jun 28 
			16:25:06 CST 2013. -->
		insert into ec_article
		<trim prefix="(" suffix=")" suffixOverrides=",">
			<if test="id != null">
				ID,
			</if>
			<if test="title != null">
				TITLE,
			</if>
			<if test="supplier != null">
				SUPPLIER,
			</if>
			<if test="price != null">
				PRICE,
			</if>
			<if test="locality != null">
				LOCALITY,
			</if>
			<if test="putawayDate != null">
				PUTAWAY_DATE,
			</if>
			<if test="storage != null">
				STORAGE,
			</if>
			<if test="image != null">
				IMAGE,
			</if>
			<if test="description != null">
				DESCRIPTION,
			</if>
			<if test="typeCode != null">
				TYPE_CODE,
			</if>
			<if test="createDate != null">
				CREATE_DATE,
			</if>
			<if test="disabled != null">
				DISABLED,
			</if>
			<if test="disabled != null">
				DISCOUNT,
			</if>
		</trim>
		<trim prefix="values (" suffix=")" suffixOverrides=",">
			<if test="id != null">
				#{id,jdbcType=INTEGER},
			</if>
			<if test="title != null">
				#{title,jdbcType=VARCHAR},
			</if>
			<if test="supplier != null">
				#{supplier,jdbcType=VARCHAR},
			</if>
			<if test="price != null">
				#{price,jdbcType=DOUBLE},
			</if>
			<if test="locality != null">
				#{locality,jdbcType=VARCHAR},
			</if>
			<if test="putawayDate != null">
				#{putawayDate,jdbcType=DATE},
			</if>
			<if test="storage != null">
				#{storage,jdbcType=INTEGER},
			</if>
			<if test="image != null">
				#{image,jdbcType=VARCHAR},
			</if>
			<if test="description != null">
				#{description,jdbcType=VARCHAR},
			</if>
			<if test="typeCode != null">
				#{typeCode,jdbcType=VARCHAR},
			</if>
			<if test="createDate != null">
				#{createDate,jdbcType=DATE},
			</if>
			<if test="disabled != null">
				#{disabled,jdbcType=BIT},
			</if>
			<if test="discount != null">
				#{discount,jdbcType=DOUBLE},
			</if>
		</trim>
	</insert>
	<select id="countByExample" parameterType="org.fkjava.j1303.ec.entity.model.ArticleExample"
		resultType="java.lang.Integer">
		<!-- WARNING - @mbggenerated This element is automatically generated by 
			MyBatis Generator, do not modify. This element was generated on Fri Jun 28 
			16:25:06 CST 2013. -->
		select count(*) from ec_article
		<if test="_parameter != null">
			<include refid="Example_Where_Clause" />
		</if>
	</select>
	<update id="updateByExampleSelective" parameterType="map">
		<!-- WARNING - @mbggenerated This element is automatically generated by 
			MyBatis Generator, do not modify. This element was generated on Fri Jun 28 
			16:25:06 CST 2013. -->
		update ec_article
		<set>
			<if test="record.id != null">
				ID = #{record.id,jdbcType=INTEGER},
			</if>
			<if test="record.title != null">
				TITLE = #{record.title,jdbcType=VARCHAR},
			</if>
			<if test="record.supplier != null">
				SUPPLIER = #{record.supplier,jdbcType=VARCHAR},
			</if>
			<if test="record.price != null">
				PRICE = #{record.price,jdbcType=DOUBLE},
			</if>
			<if test="record.locality != null">
				LOCALITY = #{record.locality,jdbcType=VARCHAR},
			</if>
			<if test="record.putawayDate != null">
				PUTAWAY_DATE = #{record.putawayDate,jdbcType=DATE},
			</if>
			<if test="record.storage != null">
				STORAGE = #{record.storage,jdbcType=INTEGER},
			</if>
			<if test="record.image != null">
				IMAGE = #{record.image,jdbcType=VARCHAR},
			</if>
			<if test="record.description != null">
				DESCRIPTION = #{record.description,jdbcType=VARCHAR},
			</if>
			<if test="record.typeCode != null">
				TYPE_CODE = #{record.typeCode,jdbcType=VARCHAR},
			</if>
			<if test="record.createDate != null">
				CREATE_DATE = #{record.createDate,jdbcType=DATE},
			</if>
			<if test="record.disabled != null">
				DISABLED = #{record.disabled,jdbcType=BIT},
			</if>
			<if test="record.disabled != null">
				DISCOUNT = #{record.discount,jdbcType=DOUBLE},
			</if>
		</set>
		<if test="_parameter != null">
			<include refid="Update_By_Example_Where_Clause" />
		</if>
	</update>
	<update id="updateByExample" parameterType="map">
		<!-- WARNING - @mbggenerated This element is automatically generated by 
			MyBatis Generator, do not modify. This element was generated on Fri Jun 28 
			16:25:06 CST 2013. -->
		update ec_article
		set ID = #{record.id,jdbcType=INTEGER},
		TITLE =
		#{record.title,jdbcType=VARCHAR},
		SUPPLIER =
		#{record.supplier,jdbcType=VARCHAR},
		PRICE =
		#{record.price,jdbcType=DOUBLE},
		LOCALITY =
		#{record.locality,jdbcType=VARCHAR},
		PUTAWAY_DATE =
		#{record.putawayDate,jdbcType=DATE},
		STORAGE =
		#{record.storage,jdbcType=INTEGER},
		IMAGE =
		#{record.image,jdbcType=VARCHAR},
		DESCRIPTION =
		#{record.description,jdbcType=VARCHAR},
		TYPE_CODE =
		#{record.typeCode,jdbcType=VARCHAR},
		CREATE_DATE =
		#{record.createDate,jdbcType=DATE},
		DISABLED =
		#{record.disabled,jdbcType=BIT},
		DISCOUNT =
		#{record.discount,jdbcType=DOUBLE}
		<if test="_parameter != null">
			<include refid="Update_By_Example_Where_Clause" />
		</if>
	</update>
	<update id="updateByPrimaryKeySelective" parameterType="org.fkjava.j1303.ec.entity.model.Article">
		<!-- WARNING - @mbggenerated This element is automatically generated by 
			MyBatis Generator, do not modify. This element was generated on Fri Jun 28 
			16:25:06 CST 2013. -->
		update ec_article
		<set>
			<if test="title != null">
				TITLE = #{title,jdbcType=VARCHAR},
			</if>
			<if test="supplier != null">
				SUPPLIER = #{supplier,jdbcType=VARCHAR},
			</if>
			<if test="price != null">
				PRICE = #{price,jdbcType=DOUBLE},
			</if>
			<if test="locality != null">
				LOCALITY = #{locality,jdbcType=VARCHAR},
			</if>
			<if test="putawayDate != null">
				PUTAWAY_DATE = #{putawayDate,jdbcType=DATE},
			</if>
			<if test="storage != null">
				STORAGE = #{storage,jdbcType=INTEGER},
			</if>
			<if test="image != null">
				IMAGE = #{image,jdbcType=VARCHAR},
			</if>
			<if test="description != null">
				DESCRIPTION = #{description,jdbcType=VARCHAR},
			</if>
			<if test="typeCode != null">
				TYPE_CODE = #{typeCode,jdbcType=VARCHAR},
			</if>
			<if test="createDate != null">
				CREATE_DATE = #{createDate,jdbcType=DATE},
			</if>
			<if test="disabled != null">
				DISABLED = #{disabled,jdbcType=BIT},
			</if>
			<if test="discount != null">
				DISCOUNT = #{discount,jdbcType=DOUBLE},
			</if>
		</set>
		where ID = #{id,jdbcType=INTEGER}
	</update>
	<update id="updateByPrimaryKey" parameterType="org.fkjava.j1303.ec.entity.model.Article">
		<!-- WARNING - @mbggenerated This element is automatically generated by 
			MyBatis Generator, do not modify. This element was generated on Fri Jun 28 
			16:25:06 CST 2013. -->
		update ec_article
		set TITLE = #{title,jdbcType=VARCHAR},
		SUPPLIER =
		#{supplier,jdbcType=VARCHAR},
		PRICE = #{price,jdbcType=DOUBLE},
		LOCALITY = #{locality,jdbcType=VARCHAR},
		PUTAWAY_DATE =
		#{putawayDate,jdbcType=DATE},
		STORAGE = #{storage,jdbcType=INTEGER},
		IMAGE = #{image,jdbcType=VARCHAR},
		DESCRIPTION =
		#{description,jdbcType=VARCHAR},
		TYPE_CODE =
		#{typeCode,jdbcType=VARCHAR},
		CREATE_DATE =
		#{createDate,jdbcType=DATE},
		DISABLED = #{disabled,jdbcType=BIT},
		DISCOUNT = #{discount,jdbcType=DOUBLE}
		where
		ID = #{id,jdbcType=INTEGER}
	</update>
</mapper>