<?xml version="1.0" encoding="UTF-8"?>
<!DOCTYPE mapper PUBLIC "-//mybatis.org//DTD Mapper 3.0//EN" "http://mybatis.org/dtd/mybatis-3-mapper.dtd">
<mapper namespace="org.fkjava.j1303.ec.entity.mapper.OrderMapper">
	<resultMap id="BaseResultMap" type="org.fkjava.j1303.ec.entity.model.Order">
		<!-- WARNING - @mbggenerated This element is automatically generated by 
			MyBatis Generator, do not modify. This element was generated on Fri Jun 28 
			16:25:06 CST 2013. -->
		<id column="ID" jdbcType="INTEGER" property="id" />
		<result column="ORDER_CODE" jdbcType="VARCHAR" property="orderCode" />
		<result column="CREATE_DATE" jdbcType="TIMESTAMP" property="createDate" />
		<result column="SEND_DATE" jdbcType="TIMESTAMP" property="sendDate" />
		<result column="STATUS" jdbcType="VARCHAR" property="status" />
		<result column="AMOUNT" jdbcType="DOUBLE" property="amount" />
		<result column="USER_ID" jdbcType="INTEGER" property="userId" />
		<association property="user" column="USER_ID"
			select="org.fkjava.j1303.ec.entity.mapper.UserMapper.selectByPrimaryKey"></association>
		<association property="orderItemList" column="ID"
			select="org.fkjava.j1303.ec.entity.mapper.OrderItemMapper.selectByOrderId"></association>
	</resultMap>
	<sql id="Example_Where_Clause">
		<!-- WARNING - @mbggenerated This element is automatically generated by 
			MyBatis Generator, do not modify. This element was generated on Fri Jun 28 
			16:25:06 CST 2013. -->
		<where>
			<foreach collection="oredCriteria" item="criteria" separator="or">
				<if test="criteria.valid">
					<trim prefix="(" prefixOverrides="and" suffix=")">
						<foreach collection="criteria.criteria" item="criterion">
							<choose>
								<when test="criterion.noValue">
									and ${criterion.condition}
								</when>
								<when test="criterion.singleValue">
									and ${criterion.condition} #{criterion.value}
								</when>
								<when test="criterion.betweenValue">
									and ${criterion.condition} #{criterion.value}
									and
									#{criterion.secondValue}
								</when>
								<when test="criterion.listValue">
									and ${criterion.condition}
									<foreach close=")" collection="criterion.value" item="listItem"
										open="(" separator=",">
										#{listItem}
									</foreach>
								</when>
							</choose>
						</foreach>
					</trim>
				</if>
			</foreach>
		</where>
	</sql>
	<sql id="Update_By_Example_Where_Clause">
		<!-- WARNING - @mbggenerated This element is automatically generated by 
			MyBatis Generator, do not modify. This element was generated on Fri Jun 28 
			16:25:06 CST 2013. -->
		<where>
			<foreach collection="example.oredCriteria" item="criteria"
				separator="or">
				<if test="criteria.valid">
					<trim prefix="(" prefixOverrides="and" suffix=")">
						<foreach collection="criteria.criteria" item="criterion">
							<choose>
								<when test="criterion.noValue">
									and ${criterion.condition}
								</when>
								<when test="criterion.singleValue">
									and ${criterion.condition} #{criterion.value}
								</when>
								<when test="criterion.betweenValue">
									and ${criterion.condition} #{criterion.value}
									and
									#{criterion.secondValue}
								</when>
								<when test="criterion.listValue">
									and ${criterion.condition}
									<foreach close=")" collection="criterion.value" item="listItem"
										open="(" separator=",">
										#{listItem}
									</foreach>
								</when>
							</choose>
						</foreach>
					</trim>
				</if>
			</foreach>
		</where>
	</sql>
	<sql id="Base_Column_List">
		<!-- WARNING - @mbggenerated This element is automatically generated by 
			MyBatis Generator, do not modify. This element was generated on Fri Jun 28 
			16:25:06 CST 2013. -->
		ID, ORDER_CODE, CREATE_DATE, SEND_DATE, STATUS, AMOUNT, USER_ID
	</sql>
	<select id="selectByExample" parameterType="org.fkjava.j1303.ec.entity.model.OrderExample"
		resultMap="BaseResultMap">
		<!-- WARNING - @mbggenerated This element is automatically generated by 
			MyBatis Generator, do not modify. This element was generated on Fri Jun 28 
			16:25:06 CST 2013. -->
		select
		<if test="distinct">
			distinct
		</if>
		<include refid="Base_Column_List" />
		from ec_order
		<if test="_parameter != null">
			<include refid="Example_Where_Clause" />
		</if>
		<if test="orderByClause != null">
			order by ${orderByClause}
		</if>
	</select>
	<select id="selectByPrimaryKey" parameterType="java.lang.Integer"
		resultMap="BaseResultMap">
		<!-- WARNING - @mbggenerated This element is automatically generated by 
			MyBatis Generator, do not modify. This element was generated on Fri Jun 28 
			16:25:06 CST 2013. -->
		select
		<include refid="Base_Column_List" />
		from ec_order
		where ID = #{id,jdbcType=INTEGER}
	</select>
	<delete id="deleteByPrimaryKey" parameterType="java.lang.Integer">
		<!-- WARNING - @mbggenerated This element is automatically generated by 
			MyBatis Generator, do not modify. This element was generated on Fri Jun 28 
			16:25:06 CST 2013. -->
		delete from ec_order
		where ID = #{id,jdbcType=INTEGER}
	</delete>
	<delete id="deleteByExample" parameterType="org.fkjava.j1303.ec.entity.model.OrderExample">
		<!-- WARNING - @mbggenerated This element is automatically generated by 
			MyBatis Generator, do not modify. This element was generated on Fri Jun 28 
			16:25:06 CST 2013. -->
		delete from ec_order
		<if test="_parameter != null">
			<include refid="Example_Where_Clause" />
		</if>
	</delete>
	<insert id="insert" parameterType="org.fkjava.j1303.ec.entity.model.Order"
			useGeneratedKeys="true" keyProperty="id">
		<!-- WARNING - @mbggenerated This element is automatically generated by 
			MyBatis Generator, do not modify. This element was generated on Fri Jun 28 
			16:25:06 CST 2013. -->
		insert into ec_order (ID, ORDER_CODE, CREATE_DATE,
		SEND_DATE, STATUS,
		AMOUNT,
		USER_ID)
		values (#{id,jdbcType=INTEGER},
		#{orderCode,jdbcType=VARCHAR},
		#{createDate,jdbcType=TIMESTAMP},
		#{sendDate,jdbcType=TIMESTAMP}, #{status,jdbcType=VARCHAR},
		#{amount,jdbcType=DOUBLE},
		#{userId,jdbcType=INTEGER})
	</insert>
	<insert id="insertSelective" parameterType="org.fkjava.j1303.ec.entity.model.Order"
			useGeneratedKeys="true" keyProperty="id">
		<!-- WARNING - @mbggenerated This element is automatically generated by 
			MyBatis Generator, do not modify. This element was generated on Fri Jun 28 
			16:25:06 CST 2013. -->
		insert into ec_order
		<trim prefix="(" suffix=")" suffixOverrides=",">
			<if test="id != null">
				ID,
			</if>
			<if test="orderCode != null">
				ORDER_CODE,
			</if>
			<if test="createDate != null">
				CREATE_DATE,
			</if>
			<if test="sendDate != null">
				SEND_DATE,
			</if>
			<if test="status != null">
				STATUS,
			</if>
			<if test="amount != null">
				AMOUNT,
			</if>
			<if test="userId != null">
				USER_ID,
			</if>
		</trim>
		<trim prefix="values (" suffix=")" suffixOverrides=",">
			<if test="id != null">
				#{id,jdbcType=INTEGER},
			</if>
			<if test="orderCode != null">
				#{orderCode,jdbcType=VARCHAR},
			</if>
			<if test="createDate != null">
				#{createDate,jdbcType=TIMESTAMP},
			</if>
			<if test="sendDate != null">
				#{sendDate,jdbcType=TIMESTAMP},
			</if>
			<if test="status != null">
				#{status,jdbcType=VARCHAR},
			</if>
			<if test="amount != null">
				#{amount,jdbcType=DOUBLE},
			</if>
			<if test="userId != null">
				#{userId,jdbcType=INTEGER},
			</if>
		</trim>
	</insert>
	<select id="countByExample" parameterType="org.fkjava.j1303.ec.entity.model.OrderExample"
		resultType="java.lang.Integer">
		<!-- WARNING - @mbggenerated This element is automatically generated by 
			MyBatis Generator, do not modify. This element was generated on Fri Jun 28 
			16:25:06 CST 2013. -->
		select count(*) from ec_order
		<if test="_parameter != null">
			<include refid="Example_Where_Clause" />
		</if>
	</select>
	<update id="updateByExampleSelective" parameterType="map">
		<!-- WARNING - @mbggenerated This element is automatically generated by 
			MyBatis Generator, do not modify. This element was generated on Fri Jun 28 
			16:25:06 CST 2013. -->
		update ec_order
		<set>
			<if test="record.id != null">
				ID = #{record.id,jdbcType=INTEGER},
			</if>
			<if test="record.orderCode != null">
				ORDER_CODE = #{record.orderCode,jdbcType=VARCHAR},
			</if>
			<if test="record.createDate != null">
				CREATE_DATE = #{record.createDate,jdbcType=TIMESTAMP},
			</if>
			<if test="record.sendDate != null">
				SEND_DATE = #{record.sendDate,jdbcType=TIMESTAMP},
			</if>
			<if test="record.status != null">
				STATUS = #{record.status,jdbcType=VARCHAR},
			</if>
			<if test="record.amount != null">
				AMOUNT = #{record.amount,jdbcType=DOUBLE},
			</if>
			<if test="record.userId != null">
				USER_ID = #{record.userId,jdbcType=INTEGER},
			</if>
		</set>
		<if test="_parameter != null">
			<include refid="Update_By_Example_Where_Clause" />
		</if>
	</update>
	<update id="updateByExample" parameterType="map">
		<!-- WARNING - @mbggenerated This element is automatically generated by 
			MyBatis Generator, do not modify. This element was generated on Fri Jun 28 
			16:25:06 CST 2013. -->
		update ec_order
		set ID = #{record.id,jdbcType=INTEGER},
		ORDER_CODE =
		#{record.orderCode,jdbcType=VARCHAR},
		CREATE_DATE =
		#{record.createDate,jdbcType=TIMESTAMP},
		SEND_DATE =
		#{record.sendDate,jdbcType=TIMESTAMP},
		STATUS =
		#{record.status,jdbcType=VARCHAR},
		AMOUNT =
		#{record.amount,jdbcType=DOUBLE},
		USER_ID =
		#{record.userId,jdbcType=INTEGER}
		<if test="_parameter != null">
			<include refid="Update_By_Example_Where_Clause" />
		</if>
	</update>
	<update id="updateByPrimaryKeySelective" parameterType="org.fkjava.j1303.ec.entity.model.Order">
		<!-- WARNING - @mbggenerated This element is automatically generated by 
			MyBatis Generator, do not modify. This element was generated on Fri Jun 28 
			16:25:06 CST 2013. -->
		update ec_order
		<set>
			<if test="orderCode != null">
				ORDER_CODE = #{orderCode,jdbcType=VARCHAR},
			</if>
			<if test="createDate != null">
				CREATE_DATE = #{createDate,jdbcType=TIMESTAMP},
			</if>
			<if test="sendDate != null">
				SEND_DATE = #{sendDate,jdbcType=TIMESTAMP},
			</if>
			<if test="status != null">
				STATUS = #{status,jdbcType=VARCHAR},
			</if>
			<if test="amount != null">
				AMOUNT = #{amount,jdbcType=DOUBLE},
			</if>
			<if test="userId != null">
				USER_ID = #{userId,jdbcType=INTEGER},
			</if>
		</set>
		where ID = #{id,jdbcType=INTEGER}
	</update>
	<update id="updateByPrimaryKey" parameterType="org.fkjava.j1303.ec.entity.model.Order">
		<!-- WARNING - @mbggenerated This element is automatically generated by 
			MyBatis Generator, do not modify. This element was generated on Fri Jun 28 
			16:25:06 CST 2013. -->
		update ec_order
		set ORDER_CODE = #{orderCode,jdbcType=VARCHAR},
		CREATE_DATE = #{createDate,jdbcType=TIMESTAMP},
		SEND_DATE =
		#{sendDate,jdbcType=TIMESTAMP},
		STATUS = #{status,jdbcType=VARCHAR},
		AMOUNT =
		#{amount,jdbcType=DOUBLE},
		USER_ID = #{userId,jdbcType=INTEGER}
		where ID
		= #{id,jdbcType=INTEGER}
	</update>
</mapper>