<?xml version="1.0" encoding="UTF-8"?>
<!DOCTYPE mapper PUBLIC "-//mybatis.org//DTD Mapper 3.0//EN" "http://mybatis.org/dtd/mybatis-3-mapper.dtd">
<mapper namespace="org.fkjava.j1303.ec.entity.mapper.OrderItemMapper">
	<resultMap id="BaseResultMap" type="org.fkjava.j1303.ec.entity.model.OrderItem">
		<!-- WARNING - @mbggenerated This element is automatically generated by 
			MyBatis Generator, do not modify. This element was generated on Fri Jun 28 
			16:25:06 CST 2013. -->
		<id column="ORDER_ID" jdbcType="INTEGER" property="orderId" />
		<id column="ARTICLE_ID" jdbcType="INTEGER" property="articleId" />
		<result column="ORDER_NUM" jdbcType="INTEGER" property="orderNum" />
		<association property="article" column="ARTICLE_ID"
			select="org.fkjava.j1303.ec.entity.mapper.ArticleMapper.selectByPrimaryKey"></association>
	</resultMap>
	<sql id="Example_Where_Clause">
		<!-- WARNING - @mbggenerated This element is automatically generated by 
			MyBatis Generator, do not modify. This element was generated on Fri Jun 28 
			16:25:06 CST 2013. -->
		<where>
			<foreach collection="oredCriteria" item="criteria" separator="or">
				<if test="criteria.valid">
					<trim prefix="(" prefixOverrides="and" suffix=")">
						<foreach collection="criteria.criteria" item="criterion">
							<choose>
								<when test="criterion.noValue">
									and ${criterion.condition}
								</when>
								<when test="criterion.singleValue">
									and ${criterion.condition} #{criterion.value}
								</when>
								<when test="criterion.betweenValue">
									and ${criterion.condition} #{criterion.value} and
									#{criterion.secondValue}
								</when>
								<when test="criterion.listValue">
									and ${criterion.condition}
									<foreach close=")" collection="criterion.value" item="listItem"
										open="(" separator=",">
										#{listItem}
									</foreach>
								</when>
							</choose>
						</foreach>
					</trim>
				</if>
			</foreach>
		</where>
	</sql>
	<sql id="Update_By_Example_Where_Clause">
		<!-- WARNING - @mbggenerated This element is automatically generated by 
			MyBatis Generator, do not modify. This element was generated on Fri Jun 28 
			16:25:06 CST 2013. -->
		<where>
			<foreach collection="example.oredCriteria" item="criteria"
				separator="or">
				<if test="criteria.valid">
					<trim prefix="(" prefixOverrides="and" suffix=")">
						<foreach collection="criteria.criteria" item="criterion">
							<choose>
								<when test="criterion.noValue">
									and ${criterion.condition}
								</when>
								<when test="criterion.singleValue">
									and ${criterion.condition} #{criterion.value}
								</when>
								<when test="criterion.betweenValue">
									and ${criterion.condition} #{criterion.value} and
									#{criterion.secondValue}
								</when>
								<when test="criterion.listValue">
									and ${criterion.condition}
									<foreach close=")" collection="criterion.value" item="listItem"
										open="(" separator=",">
										#{listItem}
									</foreach>
								</when>
							</choose>
						</foreach>
					</trim>
				</if>
			</foreach>
		</where>
	</sql>
	<sql id="Base_Column_List">
		<!-- WARNING - @mbggenerated This element is automatically generated by 
			MyBatis Generator, do not modify. This element was generated on Fri Jun 28 
			16:25:06 CST 2013. -->
		ORDER_ID, ARTICLE_ID, ORDER_NUM
	</sql>
	<select id="selectByExample" parameterType="org.fkjava.j1303.ec.entity.model.OrderItemExample"
		resultMap="BaseResultMap">
		<!-- WARNING - @mbggenerated This element is automatically generated by 
			MyBatis Generator, do not modify. This element was generated on Fri Jun 28 
			16:25:06 CST 2013. -->
		select
		<if test="distinct">
			distinct
		</if>
		<include refid="Base_Column_List" />
		from ec_order_item
		<if test="_parameter != null">
			<include refid="Example_Where_Clause" />
		</if>
		<if test="orderByClause != null">
			order by ${orderByClause}
		</if>
	</select>
	<select id="selectByPrimaryKey" parameterType="org.fkjava.j1303.ec.entity.model.OrderItemKey"
		resultMap="BaseResultMap">
		<!-- WARNING - @mbggenerated This element is automatically generated by 
			MyBatis Generator, do not modify. This element was generated on Fri Jun 28 
			16:25:06 CST 2013. -->
		select
		<include refid="Base_Column_List" />
		from ec_order_item
		where ORDER_ID = #{orderId,jdbcType=INTEGER}
		and ARTICLE_ID = #{articleId,jdbcType=INTEGER}
	</select>

	<select id="selectByOrderId" parameterType="java.lang.String"
		resultMap="BaseResultMap">
		select
		<include refid="Base_Column_List" />
		from ec_order_item
		where ORDER_ID = #{orderId,jdbcType=INTEGER}
	</select>
	<delete id="deleteByPrimaryKey" parameterType="org.fkjava.j1303.ec.entity.model.OrderItemKey">
		<!-- WARNING - @mbggenerated This element is automatically generated by 
			MyBatis Generator, do not modify. This element was generated on Fri Jun 28 
			16:25:06 CST 2013. -->
		delete from ec_order_item
		where ORDER_ID = #{orderId,jdbcType=INTEGER}
		and ARTICLE_ID = #{articleId,jdbcType=INTEGER}
	</delete>
	<delete id="deleteByExample" parameterType="org.fkjava.j1303.ec.entity.model.OrderItemExample">
		<!-- WARNING - @mbggenerated This element is automatically generated by 
			MyBatis Generator, do not modify. This element was generated on Fri Jun 28 
			16:25:06 CST 2013. -->
		delete from ec_order_item
		<if test="_parameter != null">
			<include refid="Example_Where_Clause" />
		</if>
	</delete>
	<insert id="insert" parameterType="org.fkjava.j1303.ec.entity.model.OrderItem">
		<!-- WARNING - @mbggenerated This element is automatically generated by 
			MyBatis Generator, do not modify. This element was generated on Fri Jun 28 
			16:25:06 CST 2013. -->
		insert into ec_order_item (ORDER_ID, ARTICLE_ID, ORDER_NUM
		)
		values (#{orderId,jdbcType=INTEGER}, #{articleId,jdbcType=INTEGER},
		#{orderNum,jdbcType=INTEGER}
		)
	</insert>
	<insert id="insertSelective" parameterType="org.fkjava.j1303.ec.entity.model.OrderItem">
		<!-- WARNING - @mbggenerated This element is automatically generated by 
			MyBatis Generator, do not modify. This element was generated on Fri Jun 28 
			16:25:06 CST 2013. -->
		insert into ec_order_item
		<trim prefix="(" suffix=")" suffixOverrides=",">
			<if test="orderId != null">
				ORDER_ID,
			</if>
			<if test="articleId != null">
				ARTICLE_ID,
			</if>
			<if test="orderNum != null">
				ORDER_NUM,
			</if>
		</trim>
		<trim prefix="values (" suffix=")" suffixOverrides=",">
			<if test="orderId != null">
				#{orderId,jdbcType=INTEGER},
			</if>
			<if test="articleId != null">
				#{articleId,jdbcType=INTEGER},
			</if>
			<if test="orderNum != null">
				#{orderNum,jdbcType=INTEGER},
			</if>
		</trim>
	</insert>
	<select id="countByExample" parameterType="org.fkjava.j1303.ec.entity.model.OrderItemExample"
		resultType="java.lang.Integer">
		<!-- WARNING - @mbggenerated This element is automatically generated by 
			MyBatis Generator, do not modify. This element was generated on Fri Jun 28 
			16:25:06 CST 2013. -->
		select count(*) from ec_order_item
		<if test="_parameter != null">
			<include refid="Example_Where_Clause" />
		</if>
	</select>
	<update id="updateByExampleSelective" parameterType="map">
		<!-- WARNING - @mbggenerated This element is automatically generated by 
			MyBatis Generator, do not modify. This element was generated on Fri Jun 28 
			16:25:06 CST 2013. -->
		update ec_order_item
		<set>
			<if test="record.orderId != null">
				ORDER_ID = #{record.orderId,jdbcType=INTEGER},
			</if>
			<if test="record.articleId != null">
				ARTICLE_ID = #{record.articleId,jdbcType=INTEGER},
			</if>
			<if test="record.orderNum != null">
				ORDER_NUM = #{record.orderNum,jdbcType=INTEGER},
			</if>
		</set>
		<if test="_parameter != null">
			<include refid="Update_By_Example_Where_Clause" />
		</if>
	</update>
	<update id="updateByExample" parameterType="map">
		<!-- WARNING - @mbggenerated This element is automatically generated by 
			MyBatis Generator, do not modify. This element was generated on Fri Jun 28 
			16:25:06 CST 2013. -->
		update ec_order_item
		set ORDER_ID = #{record.orderId,jdbcType=INTEGER},
		ARTICLE_ID = #{record.articleId,jdbcType=INTEGER},
		ORDER_NUM = #{record.orderNum,jdbcType=INTEGER}
		<if test="_parameter != null">
			<include refid="Update_By_Example_Where_Clause" />
		</if>
	</update>
	<update id="updateByPrimaryKeySelective" parameterType="org.fkjava.j1303.ec.entity.model.OrderItem">
		<!-- WARNING - @mbggenerated This element is automatically generated by 
			MyBatis Generator, do not modify. This element was generated on Fri Jun 28 
			16:25:06 CST 2013. -->
		update ec_order_item
		<set>
			<if test="orderNum != null">
				ORDER_NUM = #{orderNum,jdbcType=INTEGER},
			</if>
		</set>
		where ORDER_ID = #{orderId,jdbcType=INTEGER}
		and ARTICLE_ID = #{articleId,jdbcType=INTEGER}
	</update>
	<update id="updateByPrimaryKey" parameterType="org.fkjava.j1303.ec.entity.model.OrderItem">
		<!-- WARNING - @mbggenerated This element is automatically generated by 
			MyBatis Generator, do not modify. This element was generated on Fri Jun 28 
			16:25:06 CST 2013. -->
		update ec_order_item
		set ORDER_NUM = #{orderNum,jdbcType=INTEGER}
		where ORDER_ID = #{orderId,jdbcType=INTEGER}
		and ARTICLE_ID = #{articleId,jdbcType=INTEGER}
	</update>
</mapper>