<?xml version="1.0" encoding="UTF-8"?>
<!DOCTYPE mapper PUBLIC "-//mybatis.org//DTD Mapper 3.0//EN" "http://mybatis.org/dtd/mybatis-3-mapper.dtd">
<mapper namespace="org.fkjava.j1303.ec.entity.mapper.UserMapper">
  <resultMap id="BaseResultMap" type="org.fkjava.j1303.ec.entity.model.User">
    <!--
      WARNING - @mbggenerated
      This element is automatically generated by MyBatis Generator, do not modify.
      This element was generated on Fri Jun 28 16:25:06 CST 2013.
    -->
    <id column="ID" jdbcType="INTEGER" property="id" />
    <result column="LOGIN_NAME" jdbcType="VARCHAR" property="loginName" />
    <result column="PASSWORD" jdbcType="VARCHAR" property="passWord" />
    <result column="NAME" jdbcType="VARCHAR" property="name" />
    <result column="SEX" jdbcType="INTEGER" property="sex" />
    <result column="EMAIL" jdbcType="VARCHAR" property="email" />
    <result column="PHONE" jdbcType="VARCHAR" property="phone" />
    <result column="ADDRESS" jdbcType="VARCHAR" property="address" />
    <result column="ROLE" jdbcType="INTEGER" property="role" />
    <result column="CREATE_DATE" jdbcType="DATE" property="createDate" />
    <result column="ACTIVE" jdbcType="VARCHAR" property="active" />
    <result column="DISABLED" jdbcType="BIT" property="disabled" />
  </resultMap>
  <sql id="Example_Where_Clause">
    <!--
      WARNING - @mbggenerated
      This element is automatically generated by MyBatis Generator, do not modify.
      This element was generated on Fri Jun 28 16:25:06 CST 2013.
    -->
    <where>
      <foreach collection="oredCriteria" item="criteria" separator="or">
        <if test="criteria.valid">
          <trim prefix="(" prefixOverrides="and" suffix=")">
            <foreach collection="criteria.criteria" item="criterion">
              <choose>
                <when test="criterion.noValue">
                  and ${criterion.condition}
                </when>
                <when test="criterion.singleValue">
                  and ${criterion.condition} #{criterion.value}
                </when>
                <when test="criterion.betweenValue">
                  and ${criterion.condition} #{criterion.value} and #{criterion.secondValue}
                </when>
                <when test="criterion.listValue">
                  and ${criterion.condition}
                  <foreach close=")" collection="criterion.value" item="listItem" open="(" separator=",">
                    #{listItem}
                  </foreach>
                </when>
              </choose>
            </foreach>
          </trim>
        </if>
      </foreach>
    </where>
  </sql>
  <sql id="Update_By_Example_Where_Clause">
    <!--
      WARNING - @mbggenerated
      This element is automatically generated by MyBatis Generator, do not modify.
      This element was generated on Fri Jun 28 16:25:06 CST 2013.
    -->
    <where>
      <foreach collection="example.oredCriteria" item="criteria" separator="or">
        <if test="criteria.valid">
          <trim prefix="(" prefixOverrides="and" suffix=")">
            <foreach collection="criteria.criteria" item="criterion">
              <choose>
                <when test="criterion.noValue">
                  and ${criterion.condition}
                </when>
                <when test="criterion.singleValue">
                  and ${criterion.condition} #{criterion.value}
                </when>
                <when test="criterion.betweenValue">
                  and ${criterion.condition} #{criterion.value} and #{criterion.secondValue}
                </when>
                <when test="criterion.listValue">
                  and ${criterion.condition}
                  <foreach close=")" collection="criterion.value" item="listItem" open="(" separator=",">
                    #{listItem}
                  </foreach>
                </when>
              </choose>
            </foreach>
          </trim>
        </if>
      </foreach>
    </where>
  </sql>
  <sql id="Base_Column_List">
    <!--
      WARNING - @mbggenerated
      This element is automatically generated by MyBatis Generator, do not modify.
      This element was generated on Fri Jun 28 16:25:06 CST 2013.
    -->
    ID, LOGIN_NAME, PASSWORD, NAME, SEX, EMAIL, PHONE, ADDRESS, ROLE, CREATE_DATE, ACTIVE, 
    DISABLED
  </sql>
  <select id="selectByExample" parameterType="org.fkjava.j1303.ec.entity.model.UserExample" resultMap="BaseResultMap">
    <!--
      WARNING - @mbggenerated
      This element is automatically generated by MyBatis Generator, do not modify.
      This element was generated on Fri Jun 28 16:25:06 CST 2013.
    -->
    select
    <if test="distinct">
      distinct
    </if>
    <include refid="Base_Column_List" />
    from ec_user
    <if test="_parameter != null">
      <include refid="Example_Where_Clause" />
    </if>
    <if test="orderByClause != null">
      order by ${orderByClause}
    </if>
  </select>
  <select id="selectByPrimaryKey" parameterType="java.lang.Integer" resultMap="BaseResultMap">
    <!--
      WARNING - @mbggenerated
      This element is automatically generated by MyBatis Generator, do not modify.
      This element was generated on Fri Jun 28 16:25:06 CST 2013.
    -->
    select 
    <include refid="Base_Column_List" />
    from ec_user
    where ID = #{id,jdbcType=INTEGER}
  </select>
  <delete id="deleteByPrimaryKey" parameterType="java.lang.Integer">
    <!--
      WARNING - @mbggenerated
      This element is automatically generated by MyBatis Generator, do not modify.
      This element was generated on Fri Jun 28 16:25:06 CST 2013.
    -->
    delete from ec_user
    where ID = #{id,jdbcType=INTEGER}
  </delete>
  <delete id="deleteByExample" parameterType="org.fkjava.j1303.ec.entity.model.UserExample">
    <!--
      WARNING - @mbggenerated
      This element is automatically generated by MyBatis Generator, do not modify.
      This element was generated on Fri Jun 28 16:25:06 CST 2013.
    -->
    delete from ec_user
    <if test="_parameter != null">
      <include refid="Example_Where_Clause" />
    </if>
  </delete>
  <insert id="insert" parameterType="org.fkjava.j1303.ec.entity.model.User">
    <!--
      WARNING - @mbggenerated
      This element is automatically generated by MyBatis Generator, do not modify.
      This element was generated on Fri Jun 28 16:25:06 CST 2013.
    -->
    insert into ec_user (ID, LOGIN_NAME, PASSWORD, 
      NAME, SEX, EMAIL, PHONE, 
      ADDRESS, ROLE, CREATE_DATE, 
      ACTIVE, DISABLED)
    values (#{id,jdbcType=INTEGER}, #{loginName,jdbcType=VARCHAR}, #{passWord,jdbcType=VARCHAR}, 
      #{name,jdbcType=VARCHAR}, #{sex,jdbcType=INTEGER}, #{email,jdbcType=VARCHAR}, #{phone,jdbcType=VARCHAR}, 
      #{address,jdbcType=VARCHAR}, #{role,jdbcType=INTEGER}, #{createDate,jdbcType=DATE}, 
      #{active,jdbcType=VARCHAR}, #{disabled,jdbcType=BIT})
  </insert>
  <insert id="insertSelective" parameterType="org.fkjava.j1303.ec.entity.model.User">
    <!--
      WARNING - @mbggenerated
      This element is automatically generated by MyBatis Generator, do not modify.
      This element was generated on Fri Jun 28 16:25:06 CST 2013.
    -->
    insert into ec_user
    <trim prefix="(" suffix=")" suffixOverrides=",">
      <if test="id != null">
        ID,
      </if>
      <if test="loginName != null">
        LOGIN_NAME,
      </if>
      <if test="passWord != null">
        PASSWORD,
      </if>
      <if test="name != null">
        NAME,
      </if>
      <if test="sex != null">
        SEX,
      </if>
      <if test="email != null">
        EMAIL,
      </if>
      <if test="phone != null">
        PHONE,
      </if>
      <if test="address != null">
        ADDRESS,
      </if>
      <if test="role != null">
        ROLE,
      </if>
      <if test="createDate != null">
        CREATE_DATE,
      </if>
      <if test="active != null">
        ACTIVE,
      </if>
      <if test="disabled != null">
        DISABLED,
      </if>
    </trim>
    <trim prefix="values (" suffix=")" suffixOverrides=",">
      <if test="id != null">
        #{id,jdbcType=INTEGER},
      </if>
      <if test="loginName != null">
        #{loginName,jdbcType=VARCHAR},
      </if>
      <if test="passWord != null">
        #{passWord,jdbcType=VARCHAR},
      </if>
      <if test="name != null">
        #{name,jdbcType=VARCHAR},
      </if>
      <if test="sex != null">
        #{sex,jdbcType=INTEGER},
      </if>
      <if test="email != null">
        #{email,jdbcType=VARCHAR},
      </if>
      <if test="phone != null">
        #{phone,jdbcType=VARCHAR},
      </if>
      <if test="address != null">
        #{address,jdbcType=VARCHAR},
      </if>
      <if test="role != null">
        #{role,jdbcType=INTEGER},
      </if>
      <if test="createDate != null">
        #{createDate,jdbcType=DATE},
      </if>
      <if test="active != null">
        #{active,jdbcType=VARCHAR},
      </if>
      <if test="disabled != null">
        #{disabled,jdbcType=BIT},
      </if>
    </trim>
  </insert>
  <select id="countByExample" parameterType="org.fkjava.j1303.ec.entity.model.UserExample" resultType="java.lang.Integer">
    <!--
      WARNING - @mbggenerated
      This element is automatically generated by MyBatis Generator, do not modify.
      This element was generated on Fri Jun 28 16:25:06 CST 2013.
    -->
    select count(*) from ec_user
    <if test="_parameter != null">
      <include refid="Example_Where_Clause" />
    </if>
  </select>
  <update id="updateByExampleSelective" parameterType="map">
    <!--
      WARNING - @mbggenerated
      This element is automatically generated by MyBatis Generator, do not modify.
      This element was generated on Fri Jun 28 16:25:06 CST 2013.
    -->
    update ec_user
    <set>
      <if test="record.id != null">
        ID = #{record.id,jdbcType=INTEGER},
      </if>
      <if test="record.loginName != null">
        LOGIN_NAME = #{record.loginName,jdbcType=VARCHAR},
      </if>
      <if test="record.passWord != null">
        PASSWORD = #{record.passWord,jdbcType=VARCHAR},
      </if>
      <if test="record.name != null">
        NAME = #{record.name,jdbcType=VARCHAR},
      </if>
      <if test="record.sex != null">
        SEX = #{record.sex,jdbcType=INTEGER},
      </if>
      <if test="record.email != null">
        EMAIL = #{record.email,jdbcType=VARCHAR},
      </if>
      <if test="record.phone != null">
        PHONE = #{record.phone,jdbcType=VARCHAR},
      </if>
      <if test="record.address != null">
        ADDRESS = #{record.address,jdbcType=VARCHAR},
      </if>
      <if test="record.role != null">
        ROLE = #{record.role,jdbcType=INTEGER},
      </if>
      <if test="record.createDate != null">
        CREATE_DATE = #{record.createDate,jdbcType=DATE},
      </if>
      <if test="record.active != null">
        ACTIVE = #{record.active,jdbcType=VARCHAR},
      </if>
      <if test="record.disabled != null">
        DISABLED = #{record.disabled,jdbcType=BIT},
      </if>
    </set>
    <if test="_parameter != null">
      <include refid="Update_By_Example_Where_Clause" />
    </if>
  </update>
  <update id="updateByExample" parameterType="map">
    <!--
      WARNING - @mbggenerated
      This element is automatically generated by MyBatis Generator, do not modify.
      This element was generated on Fri Jun 28 16:25:06 CST 2013.
    -->
    update ec_user
    set ID = #{record.id,jdbcType=INTEGER},
      LOGIN_NAME = #{record.loginName,jdbcType=VARCHAR},
      PASSWORD = #{record.passWord,jdbcType=VARCHAR},
      NAME = #{record.name,jdbcType=VARCHAR},
      SEX = #{record.sex,jdbcType=INTEGER},
      EMAIL = #{record.email,jdbcType=VARCHAR},
      PHONE = #{record.phone,jdbcType=VARCHAR},
      ADDRESS = #{record.address,jdbcType=VARCHAR},
      ROLE = #{record.role,jdbcType=INTEGER},
      CREATE_DATE = #{record.createDate,jdbcType=DATE},
      ACTIVE = #{record.active,jdbcType=VARCHAR},
      DISABLED = #{record.disabled,jdbcType=BIT}
    <if test="_parameter != null">
      <include refid="Update_By_Example_Where_Clause" />
    </if>
  </update>
  <update id="updateByPrimaryKeySelective" parameterType="org.fkjava.j1303.ec.entity.model.User">
    <!--
      WARNING - @mbggenerated
      This element is automatically generated by MyBatis Generator, do not modify.
      This element was generated on Fri Jun 28 16:25:06 CST 2013.
    -->
    update ec_user
    <set>
      <if test="loginName != null">
        LOGIN_NAME = #{loginName,jdbcType=VARCHAR},
      </if>
      <if test="passWord != null">
        PASSWORD = #{passWord,jdbcType=VARCHAR},
      </if>
      <if test="name != null">
        NAME = #{name,jdbcType=VARCHAR},
      </if>
      <if test="sex != null">
        SEX = #{sex,jdbcType=INTEGER},
      </if>
      <if test="email != null">
        EMAIL = #{email,jdbcType=VARCHAR},
      </if>
      <if test="phone != null">
        PHONE = #{phone,jdbcType=VARCHAR},
      </if>
      <if test="address != null">
        ADDRESS = #{address,jdbcType=VARCHAR},
      </if>
      <if test="role != null">
        ROLE = #{role,jdbcType=INTEGER},
      </if>
      <if test="createDate != null">
        CREATE_DATE = #{createDate,jdbcType=DATE},
      </if>
      <if test="active != null">
        ACTIVE = #{active,jdbcType=VARCHAR},
      </if>
      <if test="disabled != null">
        DISABLED = #{disabled,jdbcType=BIT},
      </if>
    </set>
    where ID = #{id,jdbcType=INTEGER}
  </update>
  <update id="updateByPrimaryKey" parameterType="org.fkjava.j1303.ec.entity.model.User">
    <!--
      WARNING - @mbggenerated
      This element is automatically generated by MyBatis Generator, do not modify.
      This element was generated on Fri Jun 28 16:25:06 CST 2013.
    -->
    update ec_user
    set LOGIN_NAME = #{loginName,jdbcType=VARCHAR},
      PASSWORD = #{passWord,jdbcType=VARCHAR},
      NAME = #{name,jdbcType=VARCHAR},
      SEX = #{sex,jdbcType=INTEGER},
      EMAIL = #{email,jdbcType=VARCHAR},
      PHONE = #{phone,jdbcType=VARCHAR},
      ADDRESS = #{address,jdbcType=VARCHAR},
      ROLE = #{role,jdbcType=INTEGER},
      CREATE_DATE = #{createDate,jdbcType=DATE},
      ACTIVE = #{active,jdbcType=VARCHAR},
      DISABLED = #{disabled,jdbcType=BIT}
    where ID = #{id,jdbcType=INTEGER}
  </update>
</mapper>