<?xml version="1.0" encoding="UTF-8" ?>
<!DOCTYPE struts PUBLIC
	"-//Apache Software Foundation//DTD Struts Configuration 2.3//EN"
	"http://struts.apache.org/dtds/struts-2.3.dtd">

<struts>
	<!-- 配置Struts2常量 -->
    <constant name="struts.enable.DynamicMethodInvocation" value="false"/>
    <constant name="struts.devMode" value="true" />
    <!-- 允许的请求后缀 -->
    <constant name="struts.action.extension" value="jspx,action,,"/>
    

    <package name="hrm" namespace="/" extends="struts-default">
    
         <!-- 声明拦截器 -->
         <interceptors>
             <interceptor name="loginInterceptor" class="org.fkjava.hrm.util.filter.LoginInterceptor"></interceptor>
              
              <interceptor-stack name="loginStack">
                   <interceptor-ref name="defaultStack"></interceptor-ref>
                   <interceptor-ref name="loginInterceptor"></interceptor-ref>
              </interceptor-stack>
         </interceptors>
         
         
         <!-- 配置项目默认拦截器 -->
         <default-interceptor-ref name="loginStack"></default-interceptor-ref>
         
         <!-- 配置全局result -->
         <global-results>
            <result name="login">/WEB-INF/jsp/login.jsp</result>
         </global-results>
        
       
         
         <!-- 生成验证码 -->
         <action name="verifyCode" class="org.fkjava.hrm.util.Captcha">
            <interceptor-ref name="defaultStack"></interceptor-ref>
         </action>
         
         <!-- 配置全局访问action    main.action   ==>/WEB-INF/jsp/main.jsp-->
         <action name="*">
            <result>/WEB-INF/jsp/{1}.jsp</result>
         </action>
    </package>
    
    <!-- 引入项目不同模块的struts配置文件 -->
    <include file="org/fkjava/hrm/action/user/struts-user.xml"></include>
    <include file="org/fkjava/hrm/action/notice/struts-notice.xml"></include>
</struts>
